AAA	NTGA	Anaa Airport	Anaa	-17.3526	-145.509995
AAC	HEAR	El Arish International Airport	El Arish	31.055324	33.827964
AAE	DABB	Annaba Rabah Bitat Airport	Annaba	36.826781	7.81334
AAK	NGUK	Aranuka Airport	Buariki	0.185278	173.636993
AAL	EKYT	Aalborg Airport	Aalborg	57.094763	9.84993
AAN	OMAL	Al Ain International Airport	Al Ain	24.2617	55.6092
AAP	WALS	Aji Pangeran Tumenggung Pranoto International Airport	Samarinda	-0.374478	117.250128
AAQ	URKA	Anapa Vityazevo Airport	Krasnyi Kurgan	45.002102	37.347301
AAR	EKAH	Aarhus Airport	Aarhus	56.303331	10.618286
AAT	ZWAT	Altay Xuedu Airport	Altay	47.749886	88.085808
AAX	SBAX	Romeu Zema Airport	Araxá	-19.5632	-46.9604
AAY	OYGD	Al Ghaydah International Airport	Al Ghaydah	16.193341	52.174186
AAZ	MGQZ	Quezaltenango Airport	Quezaltenango	14.8656	-91.501999
ABA	UNAA	Abakan International Airport	Abakan	53.740002	91.385002
ABB	DNAS	Asaba International Airport	Asaba	6.204167	6.665278
ABD	OIAA	Abadan Ayatollah Jami International Airport	Abadan	30.367887	48.230075
ABE	KABE	Lehigh Valley International Airport	Allentown/Bethlehem	40.651773	-75.442797
ABI	KABI	Abilene Regional Airport	Abilene	32.4113006592	-99.68190002440001
ABJ	DIAP	Félix-Houphouët-Boigny International Airport	Abidjan	5.26139	-3.92629
ABK	HAKD	Kebri Dahar Airport	Kebri Dahar	6.732577	44.241339
ABL	PAFM	Ambler Airport	Ambler	67.105529	-157.855339
ABM	YNPE	Northern Peninsula Airport	Bamaga	-10.946194	142.455081
ABQ	KABQ	Albuquerque International Sunport	Albuquerque	35.039976	-106.608925
ABR	KABR	Aberdeen Regional Airport	Aberdeen	45.449100494384766	-98.42179870605469
ABS	HEBL	Abu Simbel Airport	Abu Simbel	22.375924	31.611734
ABT	OEBA	King Saud Bin Abdulaziz (Al Baha) Airport	Al-Baha	20.298506	41.636153
ABU	WATA	AA Bere Tallo (Haliwen) Airport	Atambua	-9.074841	124.903285
ABV	DNAA	Nnamdi Azikiwe International Airport	Abuja	9.00679	7.26317
ABX	YMAY	Albury Airport	East Albury	-36.066758	146.959148
ABY	KABY	Southwest Georgia Regional Airport	Albany	31.532946	-84.196215
ABZ	EGPD	Aberdeen International Airport	Aberdeen	57.2019	-2.19778
ACA	MMAA	General Juan N. Álvarez International Airport	Acapulco	16.757126	-99.753113
ACC	DGAA	Kotoka International Airport	Accra	5.605189800262451	-0.16678600013256073
ACE	GCRR	César Manrique-Lanzarote Airport	San Bartolomé	28.945499	-13.6052
ACF	ZWAL	Aral Tarim Airport	Aral	40.434748	81.26206
ACH	LSZR	Sankt Gallen Altenrhein Airport	St. Gallen	47.485001	9.56077
ACI	EGJA	Alderney Airport	Saint Anne	49.706104	-2.21472
ACK	KACK	Nantucket Memorial Airport	Nantucket	41.25310135	-70.06020355
ACT	KACT	Waco Regional Airport	Waco	31.611299514770508	-97.23049926757812
ACV	KACV	California Redwood Coast-Humboldt County Airport	Arcata/Eureka	40.978101	-124.109
ACX	ZUYI	Xingyi Wanfenglin Airport	Xingyi	25.083423	104.960804
ACY	KACY	Atlantic City International Airport	Atlantic City	39.456201	-74.577511
ADA	LTAF	Adana Şakirpaşa Airport	Seyhan	36.982201	35.280399
ADB	LTBJ	Adnan Menderes International Airport	Gaziemir	38.2924	27.157
ADD	HAAB	Addis Ababa Bole International Airport	Addis Ababa	8.97789	38.799301
ADE	OYAA	Aden International Airport	Aden	12.829564	45.029976
ADF	LTCP	Adıyaman Airport	Adıyaman	37.7314	38.468899
ADJ	OJAM	Marka International (Amman Civil) Airport	Amman	31.9727	35.9916
ADK	PADK	Adak Airport	Adak	51.883564	-176.642783
ADL	YPAD	Adelaide International Airport	Adelaide	-34.947512	138.533393
ADQ	PADQ	Kodiak Airport	Kodiak	57.75	-152.4940033
ADU	OITL	Ardabil Airport	Ardabil	38.3256988525	48.4244003296
ADZ	SKSP	Gustavo Rojas Pinilla International Airport	San Andrés	12.5836	-81.7112
AEB	ZGBS	Baise (Bose) Bama Airport	Baise (Tianyang)	23.7206	106.959999
AEH	FTTC	Abeche Airport	Abeche	13.847	20.844299
AEP	SABE	Aeroparque Jorge Newbery	Buenos Aires	-34.559419	-58.415536
AER	URSS	Sochi International Airport	Sochi	43.449902	39.9566
AES	ENAL	Ålesund Airport	Ålesund	62.560443	6.110845
AET	PFAL	Allakaket Airport	Allakaket	66.551804	-152.621994
AEU	OIBA	Abu Musa Island Airport	Abu Musa	25.8757	55.033001
AEX	KAEX	Alexandria International Airport	Alexandria	31.325828	-92.546702
AEY	BIAR	Akureyri International Airport	Akureyri	65.656573	-18.072018
AFA	SAMR	Suboficial Ay Santiago Germano Airport	San Rafael	-34.588299	-68.4039
AFL	SBAT	Piloto Osvaldo Marques Dias Airport	Alta Floresta	-9.866389	-56.106298
AFZ	OIMS	Sabzevar National Airport	Sabzevar	36.16809844970703	57.59519958496094
AGA	GMAD	Al Massira Airport	Agadir (Temsia)	30.322478	-9.412003
AGE	EDWG	Wangerooge Airport	Wangerooge	53.782544	7.919584
AGH	ESTA	Ängelholm-Helsingborg Airport	Ängelholm	56.29610061645508	12.847100257873535
AGI	SMWA	Wageningen Airstrip	Wageningen	5.841252	-56.673247
AGJ	RORA	Aguni Airport	Aguni	26.592755	127.240335
AGM		Tasiilaq Heliport	Tasiilaq	65.612296	-37.618335
AGN	PAGN	Angoon Seaplane Base	Angoon	57.497097	-134.56722
AGP	LEMG	Málaga-Costa del Sol Airport	Málaga	36.6749	-4.49911
AGR	VIAG	Agra Airport / Agra Air Force Station	Agra	27.157975	77.961025
AGS	KAGS	Augusta Regional At Bush Field	Augusta	33.3699	-81.9645
AGT	SGES	Guaraní International Airport	Ciudad del Este	-25.457186	-54.839544
AGU	MMAS	Aguascalientes International Airport	Aguascalientes	21.699589	-102.318372
AGX	VOAT	Agatti Airport	Agatti	10.8237	72.176003
AHA	VEAP	Maa Mahamaya Airport	Ambikapur	22.98753	83.19612
AHB	OEAB	Abha International Airport	Abha	18.2404	42.656601
AHE	NTHE	Ahe Airport	Ahe Atoll	-14.428099632263184	-146.2570037841797
AHO	LIEA	Alghero-Fertilia Airport	Alghero	40.632099	8.29077
AIA	KAIA	Alliance Municipal Airport	Alliance	42.052543	-102.803965
AIN	PAWI	Wainwright Airport	Wainwright	70.638	-159.994995
AIP	VIAX	Adampur Airport	Adampur	31.4338	75.758797
AIT	NCAI	Aitutaki Airport	Aitutaki	-18.8309	-159.764008
AIU	NCAT	Enua Airport	Atiu Island	-19.96780014038086	-158.11900329589844
AJA	LFKJ	Ajaccio Napoléon Bonaparte airport	Ajaccio	41.923599	8.80292
AJF	OESK	Al-Jawf International Airport	Al-Jawf	29.783301	40.100905
AJI	LTCO	Ağrı Airport	Ağrı	39.655642	43.025742
AJL	VELP	Lengpui Airport	Aizawl (Lengpui)	23.840599	92.619698
AJN	FMCV	Ouani Airport	Ouani	-12.131047	44.430044
AJR	ESNX	Arvidsjaur Airport	Arvidsjaur	65.59030151367188	19.28190040588379
AJU	SBAR	Aracaju - Santa Maria Airport	Aracaju	-10.98394	-37.072873
AKA	ZLAK	Ankang Fuqiang Airport	Ankang (Hanbin)	32.75696	108.87338
AKB	PAAK	Atka Airport	Atka	52.220299	-174.205994
AKF	HLKF	Kufra Airport	Kufra	24.178699493408203	23.31399917602539
AKI	PFAK	Akiak Airport	Akiak	60.902646	-161.23106
AKJ	RJEC	Asahikawa Airport	Higashikagura	43.670799	142.447006
AKK	PAKH	Akhiok Airport	Akhiok	56.938702	-154.182999
AKL	NZAA	Auckland International Airport	Auckland	-37.01199	174.786331
AKN	PAKN	King Salmon Airport	King Salmon	58.677845	-156.651965
AKP	PAKP	Anaktuvuk Pass Airport	Anaktuvuk Pass	68.133598	-151.742996
AKR	DNAK	Akure Airport	Akure	7.246739864349365	5.3010101318359375
AKS	AGGA	Gwaunaru'u Airport	Auki	-8.70257	160.682007
AKU	ZWAK	Aksu Hongqipo Airport	Aksu (Onsu)	41.262501	80.291702
AKV	CYKO	Akulivik Airport	Akulivik	60.8186	-78.148598
AKX	UATT	Aktobe International Airport	Aktobe	50.248116	57.204144
AKY	VYSW	Sittwe Airport	Sittwe	20.133165	92.870693
ALA	UAAA	Almaty International Airport	Almaty	43.354267	77.042828
ALB	KALB	Albany International Airport	Albany	42.748299	-73.801697
ALC	LEAL	Alicante-Elche Miguel Hernández Airport	Alicante	38.2822	-0.558156
ALF	ENAT	Alta Airport	Alta	69.976097	23.3717
ALG	DAAG	Houari Boumediene Airport	Algiers	36.693886	3.214531
ALH	YABA	Albany Airport	Albany	-34.943333	117.808889
ALO	KALO	Waterloo Regional Airport	Waterloo	42.557098388671875	-92.40029907226562
ALP	OSAP	Aleppo International Airport	Aleppo	36.181262	37.226869
ALS	KALS	San Luis Valley Regional Airport/Bergman Field	Alamosa	37.434898	-105.866997
ALW	KALW	Walla Walla Regional Airport	Walla Walla	46.09489822	-118.288002
ALZ		Alitak Seaplane Base	Lazy Bay	56.897294	-154.249692
AMA	KAMA	Rick Husband Amarillo International Airport	Amarillo	35.217857	-101.706444
AMD	VAAH	Sardar Vallabh Patel International Airport	Ahmedabad	23.0772	72.634697
AMH	HAAM	Arba Minch Airport	Arba Minch	6.03939	37.5905
AMM	OJAI	Queen Alia International Airport	Amman	31.7226009369	35.9931983948
AMQ	WAPP	Pattimura International Airport	Ambon	-3.71026	128.089005
AMS	EHAM	Amsterdam Airport Schiphol	Amsterdam	52.308601	4.76389
AMV	ULDD	Amderma Airport	Amderma	69.76329803466797	61.556400299072266
ANC	PANC	Ted Stevens Anchorage International Airport	Anchorage	61.179004	-149.992561
ANF	SCFA	Andrés Sabella Gálvez International Airport	Antofagasta	-23.445274	-70.445232
ANI	PANI	Aniak Airport	Aniak	61.581600189208984	-159.54299926757812
ANR	EBAW	Antwerp International Airport (Deurne)	Antwerp	51.190667	4.463153
ANS	SPHY	Andahuaylas Airport	Andahuaylas	-13.706399917602539	-73.35040283203125
ANU	TAPA	V. C. Bird International Airport	Osbourn	17.1367	-61.792702
ANV	PANV	Anvik Airport	Anvik	62.646702	-160.190994
ANX	ENAN	Andøya Airport, Andenes	Andenes	69.295193	16.139379
AOE	LTBY	Hasan Polatkan Airport	Eskişehir	39.811644	30.519268
AOG	ZYAS	Anshan Teng'ao Airport / Anshan Air Base	Anshan	41.105301	122.853996
AOI	LIPY	Marche Airport	Falconara Marittima (AN)	43.616299	13.3623
AOJ	RJSA	Aomori Airport	Aomori	40.733777	140.689477
AOK	LGKP	Karpathos Airport	Karpathos Island	35.421398	27.146
AOO	KAOO	Altoona Blair County Airport	Altoona	40.296398	-78.32
AOQ		Aappilattoq Heliport	Aappilattoq	72.88703	-55.596287
AOR	WMKA	Sultan Abdul Halim Airport	Alor Satar	6.189670085906982	100.39800262451172
AOS		Amook Bay Seaplane Base	Amook Bay	57.4715003967	-153.815002441
APK	NTGD	Apataki Airport	Apataki	-15.5736	-146.414993
APL	FQNP	Nampula Airport	Nampula	-15.1056	39.281799
APN	KAPN	Alpena County Regional Airport	Alpena	45.0780983	-83.56030273
APO	SKLC	Antonio Roldán Betancur Airport	Carepa	7.81196	-76.7164
APW	NSFA	Faleolo International Airport	Apia	-13.83	-172.007996
AQA	SBAQ	Araraquara Airport	Araraquara	-21.812	-48.132999
AQG	ZSAQ	Anqing Tianzhushan Airport / Anqing North Air Base	Anqing	30.582199	117.050003
AQI	OEPA	Qaisumah–Hafar Al-Batin International Airport	Qaisumah	28.335726	46.127108
AQJ	OJAQ	King Hussein International Airport	Aqaba	29.611601	35.018101
AQP	SPQU	Rodríguez Ballón International Airport	Arequipa	-16.340786	-71.569485
ARC	PARC	Arctic Village Airport	Arctic Village	68.1147	-145.578995
ARD	WATM	Alor Island - Mali Airport	Kabola	-8.13234	124.597
ARH	ULAA	Talagi Airport	Archangelsk	64.60030364990234	40.71670150756836
ARI	SCAR	Chacalluta International Airport	Arica	-18.348499	-70.338699
ARK	HTAR	Arusha Airport	Arusha	-3.3677899837493896	36.63330078125
ARM	YARM	Armidale Airport	Armidale	-30.528099060099997	151.617004395
ARN	ESSA	Stockholm-Arlanda Airport	Stockholm	59.64849	17.928829
ART	KART	Watertown International Airport	Watertown	43.991901	-76.021698
ARU	SBAU	Araçatuba Airport	Araçatuba	-21.141479	-50.424575
ARW	LRAR	Arad International Airport	Arad	46.176136	21.264322
ASB	UTAA	Ashgabat International Airport	Ashgabat	37.986801	58.361
ASD	MYAF	Andros Town Airport	Andros Town	24.697901	-77.795601
ASE	KASE	Aspen-Pitkin County Airport (Sardy Field)	Aspen	39.223202	-106.869003
ASF	URWA	Astrakhan Narimanovo Boris M. Kustodiev International Airport	Astrakhan	46.282843	48.010511
ASI	FHAW	RAF Ascension Island	Cat Hill	-7.970179	-14.392744
ASJ	RJKA	Amami Airport	Amami	28.430599212646484	129.71299743652344
ASM	HHAS	Asmara International Airport	Asmara	15.2919	38.910702
ASO	HASO	Asosa Airport	Asosa	10.018500328063965	34.586299896240234
ASP	YBAS	Alice Springs Airport	Alice Springs	-23.806588	133.903427
ASR	LTAU	Kayseri Erkilet International Airport	Kayseri	38.770401	35.495399
ASU	SGAS	Silvio Pettirossi International Airport	Asunción	-25.240156	-57.519227
ASV	HKAM	Amboseli Airport	Ol Tukai	-2.644786	37.252922
ASW	HESN	Aswan International Airport	Aswan	23.961075	32.820382
ATC	MYCA	Arthur's Town Airport	Arthur's Town	24.6294	-75.673797
ATH	LGAV	Athens Eleftherios Venizelos International Airport	Spata-Artemida	37.936401	23.9445
ATK	PATQ	Atqasuk Edward Burnell Sr Memorial Airport	Atqasuk	70.46704	-157.436013
ATL	KATL	Hartsfield Jackson Atlanta International Airport	Atlanta	33.6367	-84.428101
ATM	SBHT	Altamira Interstate Airport	Altamira	-3.253144	-52.253938
ATQ	VIAR	Sri Guru Ram Das Ji International Airport	Amritsar	31.7096	74.797302
ATT		Atmautluak Airport	Atmautluak	60.866699	-162.272996
ATW	KATW	Appleton International Airport	Appleton	44.258515	-88.519
ATY	KATY	Watertown Regional Airport	Watertown	44.91400146	-97.15470123
ATZ	HEAT	Asyut International Airport	Asyut	27.045962	31.01276
AUA	TNCA	Queen Beatrix International Airport	Oranjestad	12.501056	-70.014281
AUC	SKUC	Santiago Perez Airport	Arauca	7.06888	-70.7369
AUG	KAUG	Augusta State Airport	Augusta	44.320598602299995	-69.7973022461
AUH	OMAA	Zayed International Airport	Abu Dhabi	24.440966	54.649237
AUK		Alakanuk Airport	Alakanuk	62.682653	-164.722481
AUL		Aur Island Airport	Aur Atoll	8.14528	171.173004
AUQ	NTMN	Hiva Oa-Atuona Airport	Hiva Oa Island	-9.76879024506	-139.011001587
AUR	LFLW	Aurillac airport	Aurillac	44.891399	2.42194
AUS	KAUS	Austin Bergstrom International Airport	Austin	30.197535	-97.662015
AUU	YAUR	Aurukun Airport	Aurukun	-13.354019	141.720028
AUX	SWGN	Araguaína Airport	Araguaína	-7.22787	-48.240501
AVA	ZUAS	Anshun Huangguoshu Airport	Anshun (Xixiu)	26.260556	105.873333
AVK	ZMAH	Arvaikheer Airport	Arvaikheer	46.250301361083984	102.802001953125
AVL	KAVL	Asheville Regional Airport	Asheville	35.435488	-82.541853
AVN	LFMV	Avignon Caumont airport	Avignon	43.907299	4.90183
AVP	KAVP	Wilkes-Barre/Scranton International Airport	Wilkes-Barre/Scranton	41.337064	-75.724232
AVV	YMAV	Melbourne Avalon International Airport	Geelong/Melbourne	-38.040269	144.467196
AWA	HALA	Hawassa International Airport	Hawassa	7.100611	38.396455
AWK	PWAK	Wake Island Airfield	Wake Island	19.282437	166.636637
AWZ	OIAW	Qasem Soleimani International Airport	Ahvaz	31.3364	48.763789
AXA	TQPF	Clayton J. Lloyd International Airport	The Valley	18.204773	-63.05383
AXD	LGAL	Alexandroupoli Democritus Airport	Alexandroupolis	40.8559	25.956301
AXF	ZBAL	Alxa Left Banner Bayanhot Airport	Bayanhot	38.748317	105.58416
AXJ	RJDA	Amakusa Airport	Amakusa	32.482498	130.158997
AXM	SKAR	El Eden Airport	Armenia	4.45278	-75.7664
AXP	MYAP	Spring Point Airport	Spring Point	22.441799	-73.970901
AXR	NTGU	Arutua Airport		-15.248299598693848	-146.61700439453125
AXT	RJSK	Akita Airport	Akita	39.615601	140.218994
AXU	HAAX	Axum Airport	Axum	14.1468	38.7728
AYJ	VEAY	Maharshi Valmiki International Airport	Faizabad	26.747736	82.163664
AYP	SPHO	Air Force Colonel Alfredo Mendivil Duarte Airport	Ayacucho	-13.1548	-74.204399
AYQ	YAYE	Ayers Rock Connellan Airport	Yulara	-25.185913	130.97703
AYT	LTAI	Antalya International Airport	Antalya	36.898701	30.800501
AZA	KIWA	Mesa Gateway Airport	Mesa	33.3078	-111.654999
AZD	OIYY	Shahid Sadooghi Airport	Yazd	31.9048995972	54.2765007019
AZN	UZFA	Andijan International Airport	Andijan	40.727699	72.293999
AZO	KAZO	Kalamazoo/Battle Creek International Airport	Kalamazoo	42.232105	-85.549637
AZR	DAUA	Touat-Cheikh Sidi Mohamed Belkebir Airport	Adrar	27.837601	-0.186414
AZS	MDCY	Samaná El Catey International Airport	Samana	19.269259	-69.737405
BAH	OBBI	Bahrain International Airport	Manama	26.267295	50.63764
BAL	LTCJ	Batman Airport	Batman	37.929001	41.1166
BAQ	SKBQ	Ernesto Cortissoz International Airport	Barranquilla	10.8896	-74.7808
BAR	ZJQH	Qionghai Bo'ao Airport	Qionghai (Basuo)	19.140951	110.452766
BAS	AGGE	Ballalae Airport	Ballalae	-6.990745	155.886656
BAV	ZBOW	Baotou Donghe International Airport	Baotou	40.560001	109.997002
BAX	UNBB	Barnaul Gherman Titov International Airport	Barnaul	53.361285	83.539701
BAY	LRBM	Maramureș International Airport	Tăuții-Măgherăuș	47.658444	23.464445
BAZ	SWBC	Barcelos Airport	Barcelos	-0.981191	-62.918603
BBA	SCBA	Balmaceda Airport	Balmaceda	-45.915968	-71.689499
BBG	NGTU	Butaritari Airport	Butaritari	3.08583	172.811005
BBI	VEBS	Biju Patnaik International Airport	Bhubaneswar	20.251021	85.814747
BBK	FBKE	Kasane International Airport	Kasane	-17.831653	25.166195
BBM	VDBG	Battambang Airport	Battambang	13.0956	103.223999
BBN	WBGZ	Bario Airport	Bario	3.734648	115.478548
BBO	HCMI	Berbera Airport	Berbera	10.385035	44.936723
BBQ	TAPB	Burton-Nibbs International Airport	Codrington	17.621194	-61.798347
BBR	TFFB	Basse-Terre Baillif Airport	Basse-Terre	16.013648	-61.742928
BBU	LRBS	Bucharest Băneasa Aurel Vlaicu International Airport	Bucharest	44.503133	26.102944
BCA	MUBA	Gustavo Rizo Airport	Baracoa	20.365299224853516	-74.5062026977539
BCD	RPVB	Bacolod-Silay International Airport	Bacolod City	10.776237	123.018879
BCH	WPEC	Baucau Airport	Baucau	-8.486479	126.399981
BCI	YBAR	Barcaldine Airport	Barcaldine	-23.566268	145.302086
BCM	LRBC	Bacău George Enescu International  Airport	Bacău	46.5219	26.910299
BCN	LEBL	Josep Tarradellas Barcelona-El Prat Airport	Barcelona	41.2971	2.07846
BCO	HABC	Jinka Airport	Jinka	5.749655	36.560165
BCU	DNBC	Sir Abubakar Tafawa Balewa Bauchi State International Airport	Bauchi	10.482833	9.744
BDA	TXKF	L.F. Wade International Airport	Hamilton	32.363802	-64.67824
BDB	YBUD	Bundaberg Airport	Bundaberg	-24.905039	152.322612
BDD	YBAU	Badu Island Airport	Badu Island	-10.14955	142.173665
BDH	OIBL	Bandar Lengeh International Airport	Bandar Lengeh	26.532283	54.82484
BDJ	WAOO	Syamsudin Noor International Airport	Banjarbaru	-3.440112	114.761209
BDL	KBDL	Bradley International Airport	Hartford	41.938555	-72.688016
BDO	WICC	Husein Sastranegara International Airport	Bandung	-6.90063	107.575996
BDP	VNCG	Bhadrapur Airport	Bhadrapur	26.5708007812	88.07959747310001
BDQ	VABO	Vadodara International Airport	Vadodara	22.336201	73.226303
BDS	LIBR	Brindisi Airport	Brindisi	40.6576	17.947001
BDT	FZFD	Gbadolite Airport	Gbadolite	4.252745	20.975271
BDU	ENDU	Bardufoss Airport	Målselv	69.055801	18.5404
BEB	EGPL	Benbecula Airport	Balivanich	57.481098	-7.36278
BED	KBED	Laurence G Hanscom Field	Bedford	42.470001	-71.289001
BEF	MNBL	Bluefields Airport	Bluefields	11.991	-83.774101
BEG	LYBE	Belgrade Nikola Tesla Airport	Belgrade	44.818401	20.309099
BEJ	WAQT	Kalimarau Airport	Tanjung Redeb - Borneo Island	2.14776	117.430705
BEK	VIBY	Bareilly Air Force Station	Bareilly	28.4221	79.450798
BEL	SBBE	Val de Cans/Júlio Cezar Ribeiro International Airport	Belém	-1.379279	-48.476207
BEM	GMMD	Beni Mellal Airport	Oulad Yaich	32.401895	-6.315905
BEN	HLLB	Benina International Airport	Benina	32.096802	20.269501
BER	EDDB	Berlin Brandenburg Airport	Berlin	52.361738	13.502341
BES	LFRB	Brest Bretagne airport	Brest	48.447899	-4.41854
BET	PABE	Bethel Airport	Bethel	60.77980042	-161.8379974
BEU	YBIE	Bedourie Airport	Bedourie	-24.3461	139.460007
BEW	FQBR	Beira International Airport	Beira	-19.7964	34.9076
BEY	OLBA	Beirut Rafic Hariri International Airport	Beirut	33.819833	35.487443
BFD	KBFD	Bradford Regional Airport	Bradford	41.8031005859375	-78.64009857177734
BFF	KBFF	Western Neb. Rgnl/William B. Heilig Airport	Scottsbluff	41.87400055	-103.5960007
BFI	KBFI	King County International Airport - Boeing Field	Seattle	47.527042	-122.29995
BFJ	ZUBJ	Bijie Feixiong Airport	Bijie	27.267066	105.472097
BFL	KBFL	Meadows Field	Bakersfield	35.433601	-119.056999
BFN	FABL	Bram Fischer International Airport	Bloemfontein	-29.092699	26.302401
BFQ		Bahia Piña Airport	Puerto Piña	7.58737	-78.179939
BFS	EGAA	Belfast International Airport	Belfast	54.6575012207	-6.2158298492399995
BFV	VTUO	Buri Ram Airport	Buriram	15.2295	103.252998
BFY	ZSBA	Bengbu Tenghu Airport	Bengbu	33.166292	117.058344
BGA	SKBG	Palonegro Airport	Bucaramanga	7.1265	-73.1848
BGC	LPBG	Bragança Airport	Bragança	41.8578	-6.70713
BGF	FEFF	Bangui M'Poko International Airport	Bangui	4.39848	18.518801
BGG	LTCU	Bingöl Airport	Bingöl	38.860131	40.594489
BGI	TBPB	Grantley Adams International Airport	Bridgetown	13.074667	-59.491034
BGK		Big Creek Airport	Big Creek	16.519369	-88.407913
BGM	KBGM	Greater Binghamton/Edwin A Link field	Binghamton	42.20869827	-75.97979736
BGO	ENBR	Bergen Airport, Flesland	Bergen	60.2934	5.21814
BGR	KBGR	Bangor International Airport	Bangor	44.806364	-68.826668
BGW	ORBI	Baghdad International Airport / New Al Muthana Air Base	Baghdad	33.262501	44.2346
BGY	LIME	Il Caravaggio International Airport	Orio al Serio (BG)	45.669362	9.708851
BHB	KBHB	Hancock County-Bar Harbor Airport	Bar Harbor	44.45000076	-68.3615036
BHD	EGAC	George Best Belfast City Airport	Belfast	54.618099	-5.8725
BHE	NZWB	Woodbourne Airport	Blenheim	-41.5182991027832	173.8699951171875
BHH	OEBH	Bisha Airport	Bisha	19.9844	42.620899
BHI	SAZB	Comandante Espora Airport	Bahía Blanca	-38.725	-62.1693
BHJ	VABJ	Bhuj Airport	Bhuj	23.2877998352	69.6701965332
BHK	UZSB	Bukhara International Airport	Bukhara	39.775319	64.482279
BHM	KBHM	Birmingham-Shuttlesworth International Airport	Birmingham	33.562877	-86.750712
BHO	VABP	Raja Bhoj International Airport	Bhopal	23.2875	77.337402
BHQ	YBHI	Broken Hill Airport	Broken Hill	-32.0013999939	141.472000122
BHR	VNBP	Bharatpur Airport	Bharatpur	27.678101	84.429398
BHS	YBTH	Bathurst Airport	Bathurst	-33.406817	149.651161
BHU	VABV	Bhavnagar Airport	Bhavnagar	21.752199173	72.1852035522
BHV	OPBW	Bahawalpur Airport	Bahawalpur	29.348100662231445	71.71800231933594
BHX	EGBB	Birmingham Airport	Birmingham, West Midlands	52.453899	-1.74803
BHY	ZGBH	Beihai Fucheng Airport	Beihai	21.538659	109.293683
BIA	LFKB	Bastia-Poretta International airport	Bastia	42.5527	9.48373
BID	KBID	Block Island State Airport	Block Island	41.168446	-71.578631
BIH	KBIH	Eastern Sierra Regional Airport	Bishop	37.3731	-118.363998
BIK	WABB	Frans Kaisiepo Airport	Biak	-1.19002	136.108002
BIL	KBIL	Billings Logan International Airport	Billings	45.808932	-108.541242
BIM	MYBS	South Bimini Airport	South Bimini	25.6998996735	-79.2647018433
BIO	LEBB	Bilbao Airport	Bilbao	43.301102	-2.91061
BIQ	LFBZ	Biarritz Pays Basque airport	Biarritz	43.468372	-1.523223
BIR	VNVT	Biratnagar Airport	Biratnagar	26.48150062561035	87.26399993896484
BIS	KBIS	Bismarck Municipal Airport	Bismarck	46.772734	-100.746874
BJA	DAAE	Soummam–Abane Ramdane Airport	Béjaïa	36.712547	5.069909
BJB	OIMN	Bojnord Airport	Bojnord	37.49300003051758	57.30820083618164
BJC	KBJC	Rocky Mountain Metropolitan Airport	Denver	39.908798	-105.116997
BJF	ENBS	Båtsfjord Airport	Båtsfjord	70.60025	29.692612
BJL	GBYD	Banjul International Airport	Banjul (Yundum)	13.338	-16.652201
BJM	HBBA	Bujumbura Melchior Ndadaye International Airport	Bujumbura	-3.32402	29.318501
BJR	HABD	Bahir Dar Airport	Bahir Dar	11.6081	37.321602
BJT		Bentota River Waterdrome	Bentota	6.431	79.996
BJV	LTFE	Milas Bodrum International Airport	Bodrum	37.249314	27.66401
BJX	MMLO	Guanajuato International Airport	Silao	20.992695	-101.480284
BJZ	LEBZ	Badajoz Airport	Badajoz	38.8913	-6.82133
BKC	PABL	Buckland Airport	Buckland	65.981598	-161.149002
BKF		Lake Brooks Seaplane Base	Katmai National Park	58.554798	-155.776993
BKG	KBBG	Branson Airport	Branson	36.532082	-93.200544
BKI	WBKK	Kota Kinabalu International Airport	Kota Kinabalu	5.932743	116.049324
BKK	VTBS	Suvarnabhumi Airport	Bangkok	13.6811	100.747002
BKM	WBGQ	Bakalalan Airport	Bakalalan	3.974	115.617996
BKN	UTAN	Balkanabat International Airport	Balkanabat	39.681052	54.206008
BKO	GABS	Modibo Keita International Airport	Bamako	12.5335	-7.94994
BKQ	YBCK	Blackall Airport	Blackall	-24.431678	145.429716
BKS	WIGG	Fatmawati Soekarno Airport	Bengkulu	-3.8637	102.338997
BKW	KBKW	Raleigh County Memorial Airport	Beaver	37.7873	-81.124199
BKZ	HTBU	Bukoba Airport	Bukoba	-1.332	31.8212
BLA	SVBC	General José Antonio Anzoategui International Airport	Barcelona	10.111111	-64.692222
BLB		Panamá Pacífico International Airport	Panamá City	8.91479	-79.599602
BLD		Boulder City Municipal Airport	Boulder City	35.947161	-114.858799
BLE	ESSD	Dala Airport	Borlange	60.422001	15.5152
BLI	KBLI	Bellingham International Airport	Bellingham	48.79280090332031	-122.53800201416016
BLJ	DABT	Batna Mostefa Ben Boulaid Airport	Batna	35.752102	6.30859
BLL	EKBI	Billund Airport	Billund	55.740335	9.157019
BLQ	LIPE	Bologna Guglielmo Marconi Airport	Bologna	44.5354	11.2887
BLR	VOBL	Kempegowda International Airport Bengaluru	Bengaluru	13.1979	77.706299
BLV	KBLV	Scott AFB/Midamerica Airport	Belleville	38.5452	-89.835197
BLW	HCMN	Beledweyne Airport	Beledweyne	4.766976	45.2388
BLZ	FWCL	Chileka International Airport	Blantyre	-15.677189	34.972319
BMA	ESSB	Stockholm-Bromma Airport	Stockholm	59.354401	17.9417
BME	YBRM	Broome International Airport	Broome	-17.949194	122.2283
BMI	KBMI	Central Illinois Regional Airport at Bloomington-Normal	Bloomington/Normal	40.4771	-88.915901
BMK	EDWR	Borkum Airport	Borkum	53.59639	6.709167
BMO	VYBM	Banmaw Airport	Banmaw	24.27044	97.2476
BMR	EDWZ	Baltrum Airport	Baltrum	53.72485	7.373257
BMU	WADB	Sultan Muhammad Salahuddin Airport	Bima	-8.537184	118.685002
BMV	VVBM	Buon Ma Thuot Airport	Buon Ma Thuot	12.668299675	108.120002747
BMW	DATM	Bordj Badji Mokhtar Airport	Bordj Badji Mokhtar	21.3778	0.92698
BMY	NWWC	Île Art - Waala Airport	Waala	-19.720521	163.661077
BNA	KBNA	Nashville International Airport	Nashville	36.1245	-86.6782
BNB	FZGN	Boende Airport	Boende	-0.286652	20.883551
BND	OIKB	Bandar Abbas International Airport	Bandar Abbas	27.2183	56.3778
BNE	YBBN	Brisbane International Airport	Brisbane	-27.384199142456055	153.11700439453125
BNI	DNBE	Benin Airport	Benin	6.316979885101318	5.5995001792907715
BNK	YBNA	Ballina Byron Gateway Airport	Ballina	-28.833236	153.561471
BNN	ENBN	Brønnøysund Airport, Brønnøy	Brønnøy	65.461098	12.2175
BNS	SVBI	Barinas Airport	Barinas	8.615	-70.214167
BNX	LQBK	Banja Luka International Airport	Mahovljani	44.941399	17.297501
BNY	AGGB	Bellona/Anua Airport	Anua	-11.302222222200001	159.798333333
BOB	NTTB	Bora Bora Airport	Motu Mute	-16.444400787353516	-151.75100708007812
BOC	MPBO	Bocas del Toro "Isla Colón" International Airport	Isla Colón	9.34085	-82.250801
BOD	LFBD	Bordeaux–Mérignac Airport	Bordeaux	44.82865	-0.715356
BOG	SKBO	El Dorado International Airport	Bogota	4.70159	-74.1469
BOH	EGHH	Bournemouth Airport	Bournemouth	50.780483	-1.839576
BOI	KBOI	Boise Air Terminal/Gowen Field	Boise	43.5644	-116.223
BOJ	LBBG	Burgas Airport	Burgas	42.569917	27.515173
BOM	VABB	Chhatrapati Shivaji Maharaj International Airport	Mumbai	19.088699	72.867897
BON	TNCB	Flamingo International Airport	Kralendijk	12.131	-68.268501
BOO	ENBO	Bodø Airport	Bodø	67.269203	14.3653
BOR	VLBK	Bokeo International Airport	Ton Phueng	20.323986	100.165392
BOS	KBOS	Boston Logan International Airport	Boston	42.36197	-71.0079
BOT	AYET	Bosset Airport	Bosset	-7.237257	141.1063222
BOY	DFOO	Bobo Dioulasso Airport	Bobo Dioulasso	11.1601	-4.33097
BPE	ZBDH	Qinhuangdao Beidaihe Airport	Qinhuangdao (Changli)	39.666384	119.061384
BPL	ZWBL	Bole Alashankou Airport	Bole	44.895461	82.30007
BPN	WALL	Sultan Aji Muhammad Sulaiman Sepinggan International Airport	Balikpapan	-1.268342	116.89452
BPS	SBPS	Porto Seguro International Airport	Porto Seguro	-16.438426	-39.080584
BPT	KBPT	Jack Brooks Regional Airport	Beaumont/Port Arthur	29.9508	-94.020699
BPX	ZUBD	Qamdo Bangda Airport	Bangda	30.553600311279297	97.1082992553711
BPY	FMNQ	Besalampy Airport	Besalampy	-16.74453	44.482484
BQB	YBLN	Busselton Margaret River Regional Airport	Busselton	-33.687222	115.400278
BQG	UHNB	Bogorodskoye Airport	Bogorodskoye	52.381041	140.449378
BQJ	UEBB	Batagay Airport	Batagay	67.648003	134.695007
BQK	KBQK	Brunswick Golden Isles Airport	Brunswick	31.258801	-81.466499
BQL	YBOU	Boulia Airport		-22.913299560546875	139.89999389648438
BQN	TJBQ	Rafael Hernández International Airport	Aguadilla	18.4949	-67.129402
BQS	UHBB	Ignatyevo Airport	Blagoveschensk	50.42539978027344	127.41200256347656
BQT	UMBB	Brest International Airport	Brest	52.108138	23.89676
BQU	TVSB	J F Mitchell Airport	Bequia	12.9884	-61.262001
BRA	SNBR	Dom Ricardo Weberberger Airport	Barreiras	-12.0789	-45.008999
BRB		Barreirinhas National Airport	Barreirinhas	-2.756644	-42.803187
BRC	SAZS	Teniente Luis Candelaria International Airport	San Carlos de Bariloche	-41.151199	-71.157501
BRD	KBRD	Brainerd Lakes Regional Airport	Brainerd	46.402861	-94.129727
BRE	EDDW	Bremen Airport	Bremen	53.046786	8.78932
BRI	LIBD	Bari Karol Wojtyła International Airport	Bari	41.138901	16.760599
BRK	YBKE	Bourke Airport		-30.039199829101562	145.95199584960938
BRL	KBRL	Southeast Iowa Regional Airport	Burlington	40.783199310302734	-91.12550354003906
BRM	SVBM	Jacinto Lara International Airport	Barquisimeto	10.042747	-69.35862
BRN	LSZB	Bern Airport	Bern	46.912736	7.498819
BRO	KBRO	Brownsville South Padre Island International Airport	Brownsville	25.907238	-97.425235
BRQ	LKTB	Brno-Tuřany Airport	Brno	49.151276	16.693972
BRR	EGPR	Barra Airport	Eoligarry	57.0228	-7.44306
BRS	EGGD	Bristol Airport	Bristol	51.382326	-2.716453
BRU	EBBR	Brussels Airport	Zaventem	50.901402	4.48444
BRW	PABR	Wiley Post Will Rogers Memorial Airport	Utqiaġvik	71.285402	-156.766008
BRX	MDBH	Maria Montez International Airport	Barahona	18.25149917602539	-71.12039947509766
BSA	HCMF	Bender Qassim International Airport	Bosaso	11.275235	49.139231
BSB	SBBR	Presidente Juscelino Kubitschek International Airport	Brasília	-15.869167	-47.920834
BSC	SKBS	José Celestino Mutis Airport	Bahía Solano	6.20292	-77.3947
BSD	ZPBS	Baoshan Yunrui Airport	Baoshan (Longyang)	25.053301	99.168297
BSG	FGBT	Bata International Airport	Bata	1.90547	9.80568
BSK	DAUB	Biskra - Mohamed Khider Airport	Biskra	34.79318	5.738899
BSL	LFSB	EuroAirport Basel–Mulhouse–Freiburg	Bâle / Mulhouse	47.60068	7.521117
BSO	RPUO	Basco Airport	Basco	20.4513	121.980003
BSR	ORMM	Basra International Airport	Basra	30.549101	47.662102
BSX	VYPN	Pathein Airport	Pathein	16.815201	94.7799
BSZ	UCFM	Manas International Airport	Bishkek	43.061298	74.4776
BTC	VCCB	Batticaloa International Airport	Batticaloa	7.705073	81.677163
BTH	WIDD	Hang Nadim International Airport	Batam	1.12103	104.119003
BTI	PABA	Barter Island Long Range Radar Station Airport	Barter Island	70.134003	-143.582001
BTJ	WITT	Sultan Iskandar Muda International Airport	Banda Aceh	5.525087	95.41997
BTK	UIBB	Bratsk Airport	Bratsk	56.3696	101.701822
BTM	KBTM	Bert Mooney Airport	Butte	45.95479965209961	-112.49700164794922
BTR	KBTR	Baton Rouge Metropolitan Airport	Baton Rouge	30.533199	-91.149597
BTS	LZIB	M. R. Štefánik Airport	Bratislava	48.1702	17.2127
BTT	PABT	Bettles Airport	Bettles	66.913902	-151.529007
BTU	WBGB	Bintulu Airport	Bintulu	3.12385010719	113.019996643
BTV	KBTV	Patrick Leahy Burlington International Airport	Burlington	44.471901	-73.153297
BTW	WAOC	Bersujud Airport	Batu Licin	-3.41241	115.995003
BUA	AYBK	Buka Airport	Buka Island	-5.422299	154.672698
BUC	YBKT	Burketown Airport		-17.748600006103516	139.53399658203125
BUD	LHBP	Budapest Liszt Ferenc International Airport	Budapest	47.43018	19.262393
BUF	KBUF	Buffalo Niagara International Airport	Buffalo	42.940498	-78.732201
BUI		Bokondini Airport	Bokondini	-3.68455	138.677437
BUN	SKBU	Gerardo Tobar López Airport	Buenaventura	3.81963	-76.9898
BUQ	FVJN	Joshua Mqabuko Nkomo International Airport	Bulawayo	-20.016284	28.622897
BUR	KBUR	Hollywood Burbank/Bob Hope Airport	Burbank	34.202834	-118.35805
BUS	UGSB	Alexander Kartveli Batumi International Airport	Batumi	41.60939	41.600315
BUT	VQBT	Bathpalathang Airport	Jakar	27.5622	90.7471
BUU		Muara Bungo Airport	Muara Bungo	-1.541635	102.181613
BUX	FZKA	Bunia Airport	Bunia	1.565743	30.220685
BUZ	OIBB	Bushehr Airport	Bushehr	28.9447994232	50.8345985413
BVA	LFOB	Beauvais-Tillé airport	Beauvais	49.454399	2.11278
BVB	SBBV	Atlas Brasil Cantanhede International Airport	Boa Vista	2.84615	-60.690648
BVC	GVBA	Aristides Pereira International Airport	Rabil	16.136499	-22.888901
BVE	LFSL	Brive Souillac airport	Brive	45.039722	1.485556
BVG	ENBV	Berlevåg Airport	Berlevåg	70.871517	29.034097
BVH	SBVH	Brigadeiro Camarão Airport	Vilhena	-12.6944	-60.098301
BVI	YBDV	Birdsville Airport		-25.897499084472656	139.34800720214844
BVJ	USDB	Bovanenkovo Airport	Bovanenkovo	70.315278	68.333611
BVS	SNVS	Breves Airport	Breves	-1.63653	-50.4436
BWA	VNBW	Gautam Buddha International Airport	Siddharthanagar (Bhairahawa)	27.504636	83.410381
BWI	KBWI	Baltimore/Washington International Thurgood Marshall Airport	Baltimore	39.1754	-76.668297
BWK	LDSB	Brač Airport	Gornji Humac	43.284454	16.678362
BWN	WBSB	Brunei International Airport	Bandar Seri Begawan	4.9442	114.928001
BWO	UWSB	Balakovo Airport	Balakovo	51.858299	47.745602
BWT	YWYY	Wynyard Airport	Burnie	-40.997039	145.726
BWX	WADY	Banyuwangi Airport	Rogojampi, Banyuwangi	-8.31015	114.3401
BXG	YBDG	Bendigo Airport		-36.739399	144.330002
BXH	UAAH	Balkhash Airport	Balkhash	46.894246	75.004533
BXR	OIKM	Bam Airport	Bam	29.0842	58.450001
BXT	WALC	LNG Badak Airport	Bontang-Borneo Island	0.121656	117.476558
BXU	RPME	Bancasi Airport	Butuan	8.9515	125.4788
BXY	UAOL	Baikonur Krayniy International Airport	Baikonur	45.621994	63.210773
BYK	DIBK	Bouaké Airport	Bouaké	7.7388	-5.07367
BYM	MUBY	Carlos Manuel de Cespedes Airport	Bayamo	20.3964	-76.621399
BYN	ZMBH	Bayankhongor Airport	Bayankhongor	46.1633	100.704002
BYO	SBDB	Bonito Airport	Bonito	-21.2473	-56.452399
BYR	EKLS	Læsø Airport	Læsø	57.277199	11.0001
BYW		Blakely Island Airport	Blakely Island	48.579162	-122.823844
BZE	MZBZ	Philip S. W. Goldson International Airport	Belize City	17.539951	-88.303556
BZG	EPBY	Ignacy Jan Paderewski Bydgoszcz Airport	Bydgoszcz	53.096802	17.977699
BZI	LTBF	Balıkesir Airport	Balıkesir	39.619301	27.926001
BZK	UUBP	Bryansk International Airport	Bryansk	53.214403	34.175965
BZL	VGBR	Barisal Airport	Barisal	22.801001	90.301201
BZN	KBZN	Bozeman Yellowstone International Airport	Bozeman	45.778853	-111.153711
BZO	LIPB	Bolzano Airport	Bolzano (BZ)	46.459245	11.326125
BZR	LFMU	Béziers Vias airport	Béziers	43.323502	3.3539
BZV	FCBB	Maya-Maya International Airport	Brazzaville	-4.2517	15.253
BZX	ZUBZ	Bazhong Enyang Airport	Bazhong	31.73842	106.644872
CAB	FNCA	Cabinda Airport	Cabinda	-5.59839	12.188145
CAC	SBCA	Coronel Adalberto Mendes da Silva Airport	Cascavel	-25.000323	-53.501208
CAE	KCAE	Columbia Metropolitan Airport	Columbia	33.938172	-81.123022
CAF	SWCA	Carauari Airport	Carauari	-4.871473	-66.897552
CAG	LIEE	Cagliari Elmas Airport	Cagliari	39.251499	9.05428
CAH	VVCM	Cà Mau Airport	Ca Mau City	9.177667	105.177778
CAI	HECA	Cairo International Airport	Cairo	30.111534	31.396694
CAJ	SVCN	Canaima Airport	Canaima	6.231989	-62.85485
CAK	KCAK	Akron Canton Regional Airport	Akron	40.916099548339844	-81.44219970703125
CAL	EGEC	Campbeltown Airport	Campbeltown	55.437199	-5.68639
CAN	ZGGG	Guangzhou Baiyun International Airport	Guangzhou (Huadu)	23.392401	113.299004
CAP	MTCH	Cap Haitien International Airport	Cap Haitien	19.725547	-72.20071
CAT	LPCS	Cascais Airport	Cascais	38.724998	-9.35523
CAU	SNRU	Caruaru Airport	Caruaru	-8.28239	-36.0135
CAW	SBCP	Bartolomeu Lisandro Airport	Campos dos Goytacazes	-21.698299	-41.301701
CAY	SOCA	Cayenne – Félix Eboué Airport	Matoury	4.819964	-52.361326
CAZ	YCBA	Cobar Airport		-31.538299560546875	145.79400634765625
CBB	SLCB	Jorge Wilsterman International Airport	Cochabamba	-17.421105	-66.177102
CBH	DAOR	Béchar Boudghene Ben Ali Lotfi Airport	Béchar	31.645700454711914	-2.269860029220581
CBO	RPMC	Cotabato (Awang) Airport	Datu Odin Sinsuat	7.164753	124.209938
CBQ	DNCA	Margaret Ekpo International Airport	Calabar	4.976019859313965	8.347200393676758
CBR	YSCB	Canberra Airport	Canberra	-35.3069	149.195007
CBT	FNCT	Catumbela Airport	Catumbela	-12.4792	13.4869
CCA	SLHI	Chimore Airport	Chimore	-16.976834	-65.145568
CCC	MUCC	Jardines Del Rey Airport	Cayo Coco	22.461000442499998	-78.32839965820001
CCE	HECP	Capital International Airport	New Cairo	30.06465	31.839974
CCF	LFMK	Carcassonne Salvaza Airport	Carcassonne	43.216	2.30632
CCJ	VOCL	Calicut International Airport	Calicut	11.135996	75.955152
CCK	YPCC	Cocos (Keeling) Islands Airport	West Island	-12.192218	96.834103
CCM		Forquilhinha - Criciúma  Airport	Criciúma	-28.725743	-49.424475
CCP	SCIE	Carriel Sur International Airport	Concepcion	-36.77235	-73.062828
CCR	KCCR	Buchanan Field	Concord	37.9897	-122.056999
CCS	SVMI	Maiquetía Simón Bolívar International Airport	Maiquetía	10.602214	-66.991174
CCU	VECC	Netaji Subhash Chandra Bose International Airport	Kolkata	22.654012	88.44765
CCV	NVSF	Craig Cove Airport	Craig Cove	-16.264999	167.923996
CCZ	MYBC	Chub Cay Airport	Chub Cay	25.417101	-77.880898
CDB	PACD	Cold Bay Airport	Cold Bay	55.207871	-162.725029
CDC	KCDC	Cedar City Regional Airport	Cedar City	37.70100021362305	-113.0989990234375
CDE	ZBCD	Chengde Puning Airport	Chengde	41.1225	118.073889
CDG	LFPG	Charles de Gaulle International Airport	Paris (Roissy-en-France, Val-d'Oise)	49.00896	2.554117
CDP	VOCP	Kadapa Airport	Kadapa	14.513154	78.769183
CDR	KCDR	Chadron Municipal Airport	Chadron	42.837601	-103.095001
CDT	LECH	Castellón-Costa Azahar Airport	Castellón de la Plana	40.213889	0.073333
CDV	PACV	Merle K (Mudhole) Smith Airport	Cordova	60.491798	-145.477997
CEB	RPVM	Mactan Cebu International Airport	Cebu City/Lapu-Lapu City	10.309261	123.97974
CEC	KCEC	Jack Mc Namara Field Airport	Crescent City	41.778929	-124.236403
CED	YCDU	Ceduna Airport		-32.13059997558594	133.7100067138672
CEE	ULWC	Cherepovets Airport	Cherepovets	59.273601532	38.015800476100004
CEI	VTCT	Mae Fah Luang - Chiang Rai International Airport	Chiang Rai	19.952299	99.882896
CEK	USCC	Kurchatov Chelyabinsk International Airport	Chelyabinsk	55.303141	61.504927
CEL	SSCN	Canela Airport	Canela	-29.370091	-50.831729
CEM	PACE	Central Airport	Central	65.573815	-144.780707
CEN	MMCN	Ciudad Obregón International Airport	Ciudad Obregón	27.39259910583496	-109.83300018310547
CEZ	KCEZ	Cortez Municipal Airport	Cortez	37.303001	-108.627998
CFB	SBCB	Cabo Frio Airport	Cabo Frio	-22.921485	-42.071874
CFE	LFLC	Clermont-Ferrand Auvergne airport	Clermont-Ferrand	45.786701	3.16917
CFG	MUCF	Jaime Gonzalez Airport	Cienfuegos	22.149999618530273	-80.41419982910156
CFK	DAOI	Chlef Aboubakr Belkaid International Airport	Chlef	36.216614	1.341114
CFN	EIDL	Donegal Airport	Donegal	55.0442008972168	-8.340999603271484
CFR	LFRK	Caen Carpiquet airport	Caen	49.17678	-0.454883
CFS	YCFS	Coffs Harbour Airport	Coffs Harbour	-30.320601	153.115997
CFU	LGKR	Corfu Ioannis Kapodistrias International Airport	Kerkyra (Corfu)	39.60145	19.912179
CGA		Craig Seaplane Base	Craig	55.478802	-133.147995
CGB	SBCY	Várzea Grande–Marechal Rondon International Airport	Cuiabá	-15.6529	-56.116699
CGD	ZGCD	Changde Taohuayuan Airport	Changde (Dingcheng)	28.9189	111.639999
CGH	SBSP	Congonhas–Deputado Freitas Nobre Airport	São Paulo	-23.627657	-46.654601
CGI	KCGI	Cape Girardeau Regional Airport	Cape Girardeau	37.2253	-89.570801
CGK	WIII	Soekarno-Hatta International Airport	Jakarta	-6.12557	106.655998
CGM	RPMH	Camiguin Airport	Mambajao	9.253894	124.709115
CGN	EDDK	Cologne Bonn Airport	Köln (Cologne)	50.865898	7.14274
CGO	ZHCC	Zhengzhou Xinzheng International Airport	Zhengzhou	34.526497	113.849165
CGP	VGEG	Shah Amanat International Airport	Chattogram (Chittagong)	22.249599	91.813301
CGQ	ZYCC	Changchun Longjia International Airport	Changchun	43.996201	125.684998
CGR	SBCG	Campo Grande Airport	Campo Grande	-20.469998	-54.673988
CGY	RPMY	Laguindingan International Airport	Laguindingan	8.612203	124.456496
CHA	KCHA	Chattanooga Metropolitan Airport (Lovell Field)	Chattanooga	35.035301	-85.203796
CHC	NZCH	Christchurch International Airport	Christchurch	-43.489029	172.532065
CHE	EECL	Tallinn Linnahall Heliport	Tallinn	59.448015	24.753313
CHG	ZYCY	Chaoyang Airport	Shuangta, Chaoyang	41.538101	120.434998
CHH	SPPY	Chachapoyas Airport	Chachapoyas	-6.201911	-77.856195
CHM	SPEO	FAP Lieutenant Jaime Andres de Montreuil Morales Airport	Chimbote	-9.14961	-78.523804
CHO	KCHO	Charlottesville Albemarle Airport	Charlottesville	38.13859939575195	-78.4529037475586
CHQ	LGSA	Chania International Airport	Souda	35.531207	24.150673
CHS	KCHS	Charleston International Airport	Charleston	32.896159	-80.038151
CHT	NZCI	Inia William Tuuta Memorial Airport	Te One	-43.81189	-176.46514
CHU		Chuathbaluk Airport	Chuathbaluk	61.579102	-159.216003
CHX	MPCH	Changuinola Captain Manuel Niño International Airport	Changuinola	9.458962	-82.515062
CHY	AGGC	Choiseul Bay Airport	Choiseul Bay	-6.711944	156.396111
CIA	LIRA	Ciampino–G. B. Pastine International Airport	Rome	41.798769	12.595331
CID	KCID	The Eastern Iowa Airport	Cedar Rapids	41.884701	-91.7108
CIF	ZBCF	Chifeng Yulong Airport	Chifeng	42.159723	118.840971
CIH	ZBCZ	Changzhi Wangcun Airport	Changzhi	36.247501	113.125999
CIJ	SLCO	Capitán Aníbal Arab Airport	Cobija	-11.039109	-68.782774
CIK	PACI	Chalkyitsik Airport	Chalkyitsik	66.644997	-143.740005
CIT	UAII	Shymkent International Airport	Shymkent	42.365021	69.47564
CIU	KCIU	Chippewa County International Airport	Kincheloe	46.242038	-84.462082
CIW	TVSC	Canouan Airport	Canouan	12.699	-61.3424
CIX	SPHI	Capitán FAP José A. Quiñones González International Airport	Chiclayo	-6.789223	-79.828254
CIY	LICB	Comiso Airport	Comiso	36.99583	14.60889
CJA	SPJR	Mayor General FAP Armando Revoredo Iglesias Airport	Cajamarca	-7.13918	-78.489403
CJB	VOCB	Coimbatore International Airport	Coimbatore	11.03	77.043404
CJC	SCCF	El Loa Airport	Calama	-22.498199	-68.903603
CJJ	RKTU	Cheongju International Airport/Cheongju Air Base (K-59/G-513)	Cheongju	36.71556	127.500289
CJL	OPCH	Chitral Airport	Chitral	35.886213	71.799922
CJM	VTSE	Chumphon Airport	Chumphon	10.7112	99.361702
CJN	WICN	Nusawiru Airport	Cijulang	-7.719895	108.488995
CJS	MMCS	Abraham González International Airport	Ciudad Juárez	31.636673	-106.428533
CJU	RKPC	Jeju International Airport	Jeju City	33.512058	126.492548
CJZ		Pedro Vieira Moreira Airport	Cajazeiras	-6.8827	-38.61583
CKB	KCKB	North Central West Virginia Airport	Bridgeport	39.2966	-80.228104
CKD		Crooked Creek Airport	Crooked Creek	61.870315	-158.137636
CKG	ZUCK	Chongqing Jiangbei International Airport	Chongqing	29.712254	106.651895
CKH	UESO	Chokurdakh Airport	Chokurdah	70.6231	147.901993
CKS	SBCJ	Carajás Airport	Parauapebas	-6.117841	-50.003372
CKW	YCHK	Christmas Creek Airport	Christmas Creek Mine	-22.354302	119.642603
CKX		Chicken Airport	Chicken	64.066495	-141.951342
CKY	GUCY	Ahmed Sékou Touré International Airport	Conakry	9.57689	-13.612
CKZ	LTBH	Çanakkale Airport	Çanakkale	40.1376991272	26.4267997742
CLD	KCRQ	McClellan-Palomar Airport	Carlsbad	33.1283	-117.279999
CLE	KCLE	Cleveland Hopkins International Airport	Cleveland	41.411701	-81.8498
CLJ	LRCL	Avram Iancu Cluj International Airport	Cluj-Napoca	46.786042	23.685733
CLL	KCLL	Easterwood Field	College Station	30.5886	-96.3638
CLO	SKCL	Alfonso Bonilla Aragon International Airport	Cali	3.542717	-76.381898
CLP	PFCL	Clarks Point Airport	Clarks Point	58.833698	-158.529007
CLQ	MMIA	Licenciado Miguel de la Madrid International Airport	Colima	19.277	-103.577002
CLT	KCLT	Charlotte Douglas International Airport	Charlotte	35.2140007019043	-80.94309997558594
CLV	SBCN	Nelson Ribeiro Guimarães Airport	Caldas Novas	-17.725096	-48.606324
CLY	LFKC	Calvi Sainte Catherine Airport	Calvi	42.530422	8.792984
CMA	YCMU	Cunnamulla Airport		-28.030000686645508	145.6219940185547
CMB	VCBI	Bandaranaike International Colombo Airport	Colombo	7.180759906768799	79.88410186767578
CME	MMCE	Ciudad del Carmen International Airport	Ciudad del Carmen	18.651516	-91.799355
CMF	LFLB	Chambéry Aix les Bains airport	Chambéry	45.6381	5.88023
CMG	SBCR	Corumbá International Airport	Corumbá	-19.01193	-57.672772
CMH	KCMH	John Glenn Columbus International Airport	Columbus	39.998001	-82.891899
CMI	KCMI	University of Illinois Willard Airport	Savoy	40.039819	-88.276249
CMN	GMMN	Mohammed V International Airport	Casablanca	33.3675	-7.58997
CMU	AYCH	Chimbu Airport	Kundiawa	-6.024290084838867	144.9709930419922
CMW	MUCM	Ignacio Agramonte International Airport	Camaguey	21.419909	-77.848039
CMX	KCMX	Houghton County Memorial Airport	Hancock	47.168399810791016	-88.48909759521484
CNB	YCNM	Coonamble Airport		-30.980946	148.377833
CNC	YCCT	Coconut Island Airport		-10.050139	143.070007
CND	LRCK	Mihail Kogălniceanu International Airport	Constanța	44.362202	28.4883
CNF	SBCF	Tancredo Neves International Airport	Belo Horizonte	-19.63571	-43.966928
CNI	ZYCH	Changhai Dachangshandao Airport	Dalian (Changhai)	39.266441	122.66696
CNJ	YCCY	Cloncurry Airport	Cloncurry	-20.668600082399998	140.503997803
CNM	KCNM	Cavern City Air Terminal	Carlsbad	32.337501525878906	-104.26300048828125
CNN	VOKN	Kannur International Airport	Kannur	11.916343	75.544979
CNP	BGCO	Neerlerit Inaat Airport	Neerlerit Inaat	70.743103	-22.650499
CNQ	SARC	Corrientes Airport	Corrientes	-27.4455	-58.7619
CNS	YBCS	Cairns International Airport	Cairns	-16.878921	145.74948
CNX	VTCC	Chiang Mai International Airport	Chiang Mai	18.766799926799997	98.962600708
CNY	KCNY	Canyonlands Regional Airport	Moab	38.755001	-109.754997
COD	KCOD	Yellowstone Regional Airport	Cody	44.520199	-109.024002
COK	VOCI	Cochin International Airport	Kochi	10.151047	76.400838
COL	EGEL	Coll Airport	Coll Island	56.601898	-6.61778
COO	DBBB	Cotonou Cadjehoun International Airport	Cotonou	6.35723	2.38435
COQ	ZMCD	Choibalsan Airport		48.135381	114.647231
COR	SACO	Ingeniero Aeronáutico Ambrosio L.V. Taravella International Airport	Cordoba	-31.312346	-64.208329
COS	KCOS	City of Colorado Springs Municipal Airport	Colorado Springs	38.805801	-104.700996
COU	KCOU	Columbia Regional Airport	Columbia	38.8181	-92.219597
COV	LTDB	Çukurova International Airport	Tarsus	36.891478	35.071235
CPC	SAZY	Aviador C. Campos Airport	Chapelco/San Martin de los Andes	-40.075401	-71.137299
CPD	YCBP	Coober Pedy Airport	Coober Pedy	-29.038312	134.722166
CPE	MMCP	Ingeniero Alberto Acuña Ongay International Airport	Campeche	19.815969	-90.500125
CPH	EKCH	Copenhagen Kastrup Airport	Copenhagen	55.617900848389	12.656000137329
CPO	SCAT	Desierto de Atacama Airport	Copiapo	-27.2612	-70.779198
CPR	KCPR	Casper-Natrona County International Airport	Casper	42.907381	-106.461609
CPT	FACT	Cape Town International Airport	Cape Town	-33.97403	18.604333
CPV	SBKG	Presidente João Suassuna Airport	Campina Grande	-7.269662	-35.896057
CPX	TJCP	Benjamin Rivera Noriega Airport	Culebra	18.312954	-65.303893
CQW	ZUWL	Chongqing Xiannüshan Airport	Wulong	29.465658	107.693664
CRA	LRCV	Craiova International Airport	Craiova	44.3181	23.888599
CRD	SAVC	General Enrique Mosconi International Airport	Comodoro Rivadavia	-45.786941	-67.463355
CRI	MYCI	Colonel Hill Airport	Colonel Hill	22.7456	-74.182404
CRK	RPLC	Clark International Airport / Clark Air Base	Mabalacat	15.186	120.559998
CRL	EBCI	Brussels South Charleroi Airport	Charleroi	50.461963	4.459562
CRM	RPVF	Catarman National Airport	Catarman	12.50161	124.635258
CRP	KCRP	Corpus Christi International Airport	Corpus Christi	27.770399	-97.501198
CRU	TGPZ	Lauriston Airport	Carriacou Island	12.4761	-61.472801
CRV	LIBC	Crotone Sant'Anna Pythagoras Airport	Isola di Capo Rizzuto (KR)	38.9972	17.0802
CRW	KCRW	Yeager Airport	Charleston	38.3731	-81.593201
CRZ	UTAV	Türkmenabat International Airport	Türkmenabat	38.930662	63.563982
CSA	EGEY	Colonsay Airstrip	Colonsay	56.057499	-6.24306
CSG	KCSG	Columbus Airport	Columbus	32.516415	-84.939602
CSH		Solovki Airport	Solovetsky Islands	65.029996	35.730558
CSK	GOGS	Cap Skirring Airport	Cap Skirring	12.39533	-16.748
CSW	MMSL	Cabo San Lucas International Airport	Cabo San Lucas	22.949072	-109.939479
CSX	ZGHA	Changsha Huanghua International Airport	Changsha (Changsha)	28.189199	113.220001
CSY	UWKS	Cheboksary Airport	Cheboksary	56.090302	47.347301
CTA	LICC	Catania-Fontanarossa Airport	Catania	37.466801	15.0664
CTC	SANC	Coronel Felipe Varela International Airport	Catamarca	-28.593117	-65.7512
CTD	MPCE	Alonso Valderrama Airport	Chitré	7.98784	-80.409837
CTG	SKCG	Rafael Nuñez International Airport	Cartagena	10.4424	-75.513
CTL	YBCV	Charleville Airport	Charleville	-26.4132995605	146.261993408
CTM	MMCM	Chetumal International Airport	Chetumal	18.504985	-88.328018
CTN	YCKN	Cooktown Airport		-15.443649	145.183221
CTS	RJCC	New Chitose Airport	Sapporo	42.774753	141.690414
CTU	ZUUU	Chengdu Shuangliu International Airport	Chengdu (Shuangliu)	30.558257	103.945966
CUA	MMDA	Ciudad Constitución National Airport	Comondú	25.053801	-111.614998
CUC	SKCC	Camilo Daza International Airport	Cúcuta	7.92757	-72.5115
CUE	SECU	Mariscal Lamar Airport	Cuenca	-2.88947	-78.984398
CUF	LIMZ	Cuneo International Airport	Levaldigi (CN)	44.547458	7.623045
CUK		Caye Caulker Airport	Caye Caulker	17.735015	-88.032862
CUL	MMCL	Bachigualato Federal International Airport	Culiacán	24.76504	-107.475228
CUM	SVCU	Antonio José de Sucre Airport	Cumaná	10.450333	-64.13047
CUN	MMUN	Cancún International Airport	Cancún	21.040817	-86.87347
CUP	SVCP	General Francisco Bermúdez Airport	Carúpano	10.660014	-63.261681
CUQ	YCOE	Coen Airport	Coen	-13.761133	143.113311
CUR	TNCC	Hato International Airport	Willemstad	12.1889	-68.959801
CUU	MMCU	General Roberto Fierro Villalobos International Airport	Chihuahua	28.702649	-105.963764
CUZ	SPZO	Alejandro Velasco Astete International Airport	Cusco	-13.535699844400002	-71.9387969971
CVG	KCVG	Cincinnati Northern Kentucky International Airport	Cincinnati / Covington	39.048801	-84.667801
CVM	MMCV	General Pedro Jose Mendez International Airport	Ciudad Victoria	23.7033	-98.956497
CVN	KCVN	Clovis Municipal Airport	Clovis	34.426594	-103.078794
CVQ	YCAR	Carnarvon Airport	Carnarvon	-24.884337	113.666393
CVU	LPCR	Corvo Airport	Corvo	39.671501	-31.1136
CWA	KCWA	Central Wisconsin Airport	Mosinee	44.777448	-89.670238
CWB	SBCT	Curitiba-Afonso Pena International Airport	Curitiba	-25.5285	-49.1758
CWC	UKLN	Chernivtsi International Airport	Chernivtsi	48.259300231933594	25.98080062866211
CWJ	ZPCW	Cangyuan Washan Airport	Lincang (Cangyuan)	23.276331	99.373169
CWL	EGFF	Cardiff International Airport	Cardiff	51.396702	-3.34333
CWS		Center Island Airport	Center Island	48.490046	-122.831612
CXB	VGCB	Cox's Bazar Airport	Cox's Bazar	21.457517	91.963263
CXH	CYHC	Vancouver Harbour Water Aerodrome	Vancouver	49.291265	-123.11717
CXI	PLCH	Cassidy International Airport	Kiritimati	1.986278	-157.350011
CXJ	SBCX	Hugo Cantergiani Regional Airport	Caxias Do Sul	-29.197183	-51.187647
CXP	WAHL	Tunggul Wulung Airport	Cilacap	-7.64506	109.033997
CXR	VVCR	Cam Ranh International Airport / Cam Ranh Air Base	Nha Trang/nha Trang aiurportCam Ranh	11.9982	109.219002
CYA	MTCA	Antoine-Simon International Airport	Les Cayes	18.271099	-73.7883
CYB	MWCB	Charles Kirkconnell International Airport	West End	19.687	-79.882797
CYC		Caye Chapel Airport	Caye Chapel	17.683792	-88.044985
CYF	PACK	Chefornak Airport	Chefornak	60.136667	-164.279167
CYI	RCKU	Chiayi Airport	Shuishang	23.462577	120.390544
CYM		Chatham Seaplane Base	Chatham	57.5149	-134.945999
CYO	MUCL	Vilo Acuña International Airport	Cayo Largo del Sur	21.6165008545	-81.5459976196
CYP	RPVC	Calbayog Airport	Calbayog City	12.072574	124.54508
CYS	KCYS	Cheyenne Regional Jerry Olson Field	Cheyenne	41.155701	-104.811997
CYT	PACY	Yakataga Airport	Yakataga	60.080974	-142.494541
CYU	RPLO	Cuyo Airport	Cuyo	10.8581	121.069
CYX	UESS	Cherskiy Airport	Cherskiy	68.7406005859375	161.33799743652344
CYZ	RPUY	Cauayan Airport	Cauayan City	16.9298992157	121.752998352
CZE	SVCR	José Leonardo Chirinos Airport	Coro	11.414944	-69.680901
CZH		Corozal Airport	Corozal	18.3822	-88.411903
CZL	DABC	Mohamed Boudiaf International Airport	Constantine	36.276001	6.62039
CZM	MMCZ	Cozumel International Airport	Cozumel	20.514922	-86.928538
CZS	SBCZ	Cruzeiro do Sul Airport	Cruzeiro Do Sul	-7.59991	-72.769501
CZU	SKCZ	Las Brujas Airport	Corozal	9.33274	-75.2856
CZX	ZSCG	Changzhou Benniu International Airport	Changzhou	31.920485	119.77546
DAB	KDAB	Daytona Beach International Airport	Daytona Beach	29.18255	-81.059464
DAC	VGHS	Hazrat Shahjalal International Airport	Dhaka	23.843347	90.397783
DAD	VVDN	Da Nang International Airport	Da Nang	16.0439	108.198997
DAL	KDAL	Dallas Love Field	Dallas	32.844776	-96.847653
DAM	OSDI	Damascus International Airport	Damascus	33.4114990234375	36.51559829711914
DAR	HTDA	Julius Nyerere International Airport	Dar es Salaam	-6.873499	39.207288
DAT	ZBDT	Datong Yungang International Airport	Datong	40.06139	113.480509
DAU	AYDU	Daru Airport	Daru	-9.08676	143.207993
DAV	MPDA	Enrique Malek International Airport	David	8.388983	-82.436425
DAX	ZUDX	Dachuan Airport	Dazhou (Daxian)	31.1302	107.4295
DAY	KDAY	James M. Cox Dayton International Airport	Dayton	39.902401	-84.219398
DBA	OPDB	Dalbandin Airport	Dalbandin	28.878299713100002	64.3998031616
DBB	HEAL	El Alamein International Airport	El Alamein	30.924324	28.46161
DBC	ZYBA	Baicheng Chang'an Airport	Baicheng	45.505278	123.019722
DBO	YSDU	Dubbo City Regional Airport	Dubbo	-32.2167015076	148.574996948
DBQ	KDBQ	Dubuque Regional Airport	Dubuque	42.402	-90.709503
DBR	VEDH	Darbhanga Airport	Darbhanga	26.192801	85.916901
DBV	LDDU	Dubrovnik Ruđer Bošković Airport	Dubrovnik	42.562247	18.265543
DCA	KDCA	Ronald Reagan Washington National Airport	Washington	38.8521	-77.037697
DCF	TDCF	Canefield Airport	Canefield	15.336693	-61.392108
DCM	LFCK	Castres Mazamet Airport	Castres	43.556301	2.28918
DCY	ZUDC	Daocheng Yading Airport	Garzê (Daocheng)	29.31632	100.060317
DDC	KDDC	Dodge City Regional Airport	Dodge City	37.76340103149414	-99.9655990600586
DDG	ZYDD	Dandong Langtou International Airport	Dandong (Zhenxing)	40.025453	124.28669
DDR	ZUDR	Shigatse Tingri Airport	Xigazê (Dingri)	28.604567	86.798
DEA	OPDG	Dera Ghazi Khan Airport	Dera Ghazi Khan	29.961000442504883	70.48590087890625
DEB	LHDC	Debrecen International Airport	Debrecen	47.489469	21.616278
DEC	KDEC	Decatur Airport	Decatur	39.834598541259766	-88.8656997680664
DED	VIDN	Dehradun Jolly Grant Airport	Dehradun (Jauligrant)	30.189243	78.176651
DEE	UHSM	Yuzhno-Kurilsk Mendeleyevo Airport	Yuzhno-Kurilsk	43.961066	145.684977
DEF	OIAD	Dezful Airport	Dezful	32.434399	48.397598
DEL	VIDP	Indira Gandhi International Airport	New Delhi	28.55563	77.09519
DEM	HADD	Dembidollo Airport	Dembidollo	8.554	34.858002
DEN	KDEN	Denver International Airport	Denver	39.860027	-104.673792
DEX	WAVD	Nop Goliat Dekai Airport	Dekai	-4.8557	139.482006
DFW	KDFW	Dallas Fort Worth International Airport	Dallas-Fort Worth	32.896801	-97.038002
DGA		Dangriga Airport	Dangriga	16.98251	-88.230988
DGH	VEDO	Deoghar Airport	Deoghar	24.446842	86.704955
DGO	MMDO	General Guadalupe Victoria International Airport	Durango	24.125468	-104.527938
DGT	RPVD	Sibulan Airport	Dumaguete City	9.334183	123.30191
DHB		Deer Harbor SPB	Deer Harbor	48.616667	-123.002778
DHM	VIGG	Kangra Airport	Kangra	32.164902	76.263018
DHN	KDHN	Dothan Regional Airport	Dothan	31.321300506591797	-85.44960021972656
DHX	WARD	Dhoho International Airport	Kediri	-7.749527	111.946831
DIA	OTBD	Doha International Airport	Doha	25.259431	51.565528
DIB	VEMN	Dibrugarh Airport	Dibrugarh	27.4839000702	95.0168991089
DIE	FMNA	Arrachart Airport	Antisiranana	-12.3494	49.291698
DIG	ZPDQ	Diqing Shangri-La Airport	Diqing (Shangri-La)	27.7936	99.6772
DIJ	LFSD	Dijon Longvic airport	Dijon	47.268902	5.09
DIK	KDIK	Dickinson Theodore Roosevelt Regional Airport	Dickinson	46.797533	-102.801905
DIL	WPDL	Presidente Nicolau Lobato International Airport	Dili	-8.546562	125.524507
DIN	VVDB	Dien Bien Phu Airport	Dien Bien Phu	21.3974990845	103.008003235
DIO		Diomede Heliport	Diomede	65.758367	-168.953676
DIR	HADR	Aba Tenna Dejazmach Yilma International Airport	Dire Dawa	9.623549	41.855027
DIU	VADU	Diu Airport	Diu	20.714185	70.921855
DIY	LTCC	Diyarbakır Airport	Diyarbakır	37.893902	40.201
DJB	WIJJ	Sultan Thaha Airport	Jambi	-1.638685	103.645063
DJE	DTTJ	Djerba Zarzis International Airport	Mellita	33.873719	10.7773
DJG	DAAJ	Tiska Djanet Airport	Djanet	24.285448	9.463652
DJJ	WAJJ	Dortheys Hiyo Eluay International Airport	Sentani	-2.579627	140.519857
DKA	DNKT	Umaru Musa Yar'adua Airport	Katsina	13.0078	7.66045
DKR	GOOY	Léopold Sédar Senghor International Airport	Dakar	14.742337	-17.479222
DLA	FKKD	Douala International Airport	Douala	4.00608	9.71948
DLC	ZYTL	Dalian Zhoushuizi International Airport	Dalian (Ganjingzi)	38.965719	121.538477
DLE	LFGJ	Dole Tavaux Airport	Dole	47.038955	5.427589
DLG	PADL	Dillingham Airport	Dillingham	59.04470062	-158.5050049
DLH	KDLH	Duluth International Airport	Duluth	46.841873	-92.198746
DLI	VVDL	Lien Khuong Airport	Da Lat	11.750556	108.366997
DLM	LTBS	Dalaman International Airport	Dalaman	36.7131	28.7925
DLR		Dalnerechensk Airport	Dalnerechensk	45.879857	133.737629
DLU	ZPDL	Dali Fengyi Airport	Dali (Xiaguan)	25.649401	100.319
DLZ	ZMDZ	Dalanzadgad Airport	Dalanzadgad	43.608628	104.367734
DMB	UADD	Taraz International Airport	Taraz	42.8536	71.303596
DMD	YDMG	Doomadgee Airport		-17.9403	138.822006
DME	UUDD	Domodedovo International Airport	Moscow	55.408798	37.9063
DMK	VTBD	Don Mueang International Airport	Bangkok	13.9126	100.607002
DMM	OEDF	King Fahd International Airport	Ad Dammam	26.4691	49.798209
DMU	VEMR	Dimapur Airport	Dimapur	25.883899688699998	93.77110290530001
DND	EGPN	Dundee Airport	Dundee	56.452499	-3.02583
DNH	ZLDH	Dunhuang Mogao International Airport	Dunhuang	40.161953	94.812827
DNK	UKDD	Dnipro International Airport	Dnipro	48.357201	35.100601
DNR	LFRD	Dinard Pleurtuit Saint-Malo airport	Dinard	48.5877	-2.07996
DNZ	LTAY	Çardak Airport	Denizli	37.7855987549	29.7012996674
DOD	HTDO	Dodoma Airport	Dodoma	-6.170559	35.756036
DOG	HSDN	Dongola Airport	Dongola	19.153666	30.430069
DOH	OTHH	Hamad International Airport	Doha	25.273056	51.608056
DOL	LFRG	Deauville Normandie airport	Deauville	49.365237	0.154481
DOM	TDPD	Douglas-Charles Airport	Marigot	15.546673	-61.301082
DOP	VNDP	Dolpa Airport	Dolpa	28.985659	82.818703
DOV	KDOV	Dover Civil Air Terminal/Dover Air Force Base	Dover	39.129501	-75.466003
DOY	ZSDY	Dongying Shengli Airport	Dongying (Kenli)	37.50137	118.789863
DPL	RPMG	Dipolog Airport	Dipolog	8.601983	123.341875
DPO	YDPO	Devonport Airport	Devonport	-41.1697006226	146.429992676
DPS	WADD	Denpasar I Gusti Ngurah Rai International Airport	Kuta, Badung	-8.748409	115.167123
DPT		Deputatskiy Airport	Deputatskiy	69.392503	139.890012
DQA	ZYDQ	Daqing Sartu Airport	Daqing	46.750883	125.138642
DQM		Duqm International Airport	Duqm	19.501944	57.634167
DRG	PADE	Deering Airport	Deering	66.068901	-162.766914
DRJ	SMDA	Drietabbetje Airport	Drietabbetje	4.111359	-54.672766
DRO	KDRO	Durango La Plata County Airport	Durango	37.151501	-107.753998
DRP	RPLK	Bicol International Airport	Legazpi	13.111915	123.676829
DRS	EDDC	Dresden Airport	Dresden	51.134123	13.767831
DRV	VRMD	Dharavandhoo Airport	Baa Atoll	5.1561	73.1302
DRW	YPDN	Darwin International Airport / RAAF Darwin	Darwin	-12.41497	130.88185
DSD	TFFA	La Désirade Airport	Grande Anse	16.296902	-61.0844
DSE	HADC	Kombolcha Airport	Dessie	11.10975	39.725911
DSI	KDTS	Destin Executive Airport	Destin	30.400101	-86.471497
DSM	KDSM	Des Moines International Airport	Des Moines	41.534027	-93.656719
DSN	ZBDS	Ordos Ejin Horo International Airport	Ordos	39.493514	109.8599
DSO	ZKSD	Sondok Airport	Sŏndŏng-ni	39.745201	127.473999
DSS	GOBD	Blaise Diagne International Airport	Dakar	14.670878	-17.072829
DSY		Dara Sakor International Airport	Ta Noun	10.914244	103.226652
DTB	WIMN	Silangit Airport	Siborong-Borong	2.25973	98.991898
DTD	WALJ	Datadawai Airport	Datadawai-Borneo Island	0.807028	114.529052
DTM	EDLW	Dortmund Airport	Dortmund	51.518299	7.61224
DTR		Decatur Shores Airport	Decatur	48.500171	-122.813973
DTU	ZYDU	Wudalianchi Dedu Airport	Heihe	48.441037	126.128374
DTW	KDTW	Detroit Metropolitan Wayne County Airport	Detroit	42.21377	-83.353786
DUB	EIDW	Dublin Airport	Dublin	53.428713	-6.262121
DUD	NZDN	Dunedin International Airport	Dunedin	-45.929017	170.197758
DUE	FNDU	Dundo Airport	Chitato	-7.400889873504639	20.818500518798828
DUJ	KDUJ	DuBois Regional Airport	Dubois	41.17829895	-78.8986969
DUM	WIBD	Pinang Kampai Airport	Dumai	1.609026	101.433493
DUR	FALE	King Shaka International Airport	Durban	-29.6144444444	31.1197222222
DUS	EDDL	Düsseldorf Airport	Düsseldorf	51.289501	6.76678
DUT	PADU	Tom Madsen (Dutch Harbor) Airport	Unalaska	53.89881	-166.544996
DVL	KDVL	Devils Lake Regional Airport	Devils Lake	48.115454	-98.908796
DVO	RPMD	Francisco Bangoy International Airport	Davao	7.12552	125.646004
DWB	FMNO	Soalala Airport	Soalala	-16.10169	45.358837
DWC	OMDW	Al Maktoum International Airport	Dubai(Jebel Ali)	24.896171	55.16235
DWD	OEDM	Dawadmi Domestic Airport	Dawadmi	24.4499	44.121201
DWO		Diyawanna Oya Seaplane Base	Sri Jayawardenepura Kotte	6.906585	79.909
DXB	OMDB	Dubai International Airport	Dubai	25.24979	55.370992
DXJ	ZGXX	Xiangxi Biancheng Airport	Xiangxi	28.4972	109.5218
DYG	ZGDY	Zhangjiajie Hehua International Airport	Zhangjiajie (Yongding)	29.104749	110.442786
DYR	UHMA	Ugolny Yuri Ryktheu Airport	Anadyr	64.734902	177.740997
DYU	UTDD	Dushanbe International Airport	Dushanbe	38.543746	68.822977
DZA	FMCZ	Dzaoudzi Pamandzi International Airport	Dzaoudzi	-12.809319	45.281815
DZH	ZUDA	Dazhou Jinya Airport	Dazhou (Dachuan)	31.048815	107.435646
DZN	UAKD	Zhezkazgan National Airport	Zhezkazgan	47.708953	67.738094
EAA	PAEG	Eagle Airport	Eagle	64.778003	-141.150455
EAM	OENG	Najran Domestic Airport	Najran	17.611401	44.419201
EAR	KEAR	Kearney Regional Airport	Kearney	40.727001	-99.006798
EAS	LESO	San Sebastián Airport	Hondarribia	43.356499	-1.79061
EAT	KEAT	Pangborn Memorial Airport	Wenatchee	47.398899	-120.207001
EAU	KEAU	Chippewa Valley Regional Airport	Eau Claire	44.86579895019531	-91.48429870605469
EAX	SMEG	Eduard Alexander Gummels Airport	Kwatta	5.863807	-55.189504
EBA	LIRJ	Marina di Campo Airport	Campo nell'Elba (LI)	42.760871	10.239811
EBB	HUEN	Entebbe International Airport	Entebbe	0.042386	32.443501
EBD	HSOB	El-Obeid Airport	El-Obeid	13.1532	30.2327
EBJ	EKEB	Esbjerg Airport	Esbjerg	55.525902	8.5534
EBL	ORER	Erbil International Airport	Arbil	36.236047	43.946615
ECN	LCEN	Ercan International Airport	Tymbou (Kirklar)	35.153064	33.507352
ECP	KECP	Northwest Florida Beaches International Airport	Panama City Beach	30.357106	-85.795414
EDA		Edna Bay Seaplane Base	Edna Bay	55.949653	-133.661012
EDI	EGPH	Edinburgh Airport	Edinburgh	55.950145	-3.372288
EDL	HKEL	Eldoret International Airport	Eldoret	0.404458	35.238899
EDO	LTFD	Balıkesir Koca Seyit Airport	Edremit	39.552533	27.010192
EDR	YPMP	Pormpuraaw Airport	Pormpuraaw	-14.896451	141.60908
EEK	PAEE	Eek Airport	Eek	60.213173	-162.044048
EFL	LGKF	Kefallinia Airport	Kefallinia Island	38.12009811401367	20.500499725341797
EGC	LFBE	Bergerac Dordogne-Périgord airport	Bergerac	44.825298	0.518611
EGE	KEGE	Eagle County Regional Airport	Eagle	39.64260101	-106.9179993
EGO	UUOB	Belgorod International Airport	Belgorod	50.643798828125	36.5900993347168
EGS	BIEG	Egilsstaðir Airport	Egilsstaðir	65.2833023071289	-14.401399612426758
EGX	PAII	Egegik Airport	Egegik	58.184386	-157.374873
EHU	ZHEC	Ezhou Huahu International Airport	Ezhou	30.341178	115.03926
EIE	UNII	Yeniseysk Airport	Yeniseysk	58.474201	92.112503
EIN	EHEH	Eindhoven Airport	Eindhoven	51.4500999451	5.37452983856
EIS	TUPJ	Terrance B. Lettsome International Airport	Beef Island	18.445492	-64.541707
EJA	SKEJ	Yariguíes Airport	Barrancabermeja	7.02433	-73.8068
EJH	OEWJ	Al Wajh Domestic Airport	Al Wajh	26.198601	36.476398
EJT		Enejit Airport	Enejit Island	6.0404	171.9846
EKO	KEKO	Elko Regional Airport	Elko	40.82490158081055	-115.79199981689453
EKS	UHSK	Shakhtyorsk Airport	Shakhtyorsk	49.1903	142.082993
ELC	YELD	Elcho Island Airport	Elcho Island	-12.019399642899998	135.570999146
ELD	KELD	South Arkansas Regional Airport at Goodwin Field	El Dorado	33.221001	-92.813301
ELF	HSFS	El Fasher Airport	El Fasher	13.614899635314941	25.324600219726562
ELG	DAUE	El Golea Airport	El Menia	30.580732	2.861595
ELH	MYEH	North Eleuthera Airport	North Eleuthera	25.475823	-76.680784
ELI	PFEL	Elim Airport	Elim	64.6147	-162.272003
ELM	KELM	Elmira Corning Regional Airport	Elmira/Corning	42.1599006652832	-76.8916015625
ELP	KELP	El Paso International Airport	El Paso	31.809908	-106.375607
ELQ	OEGS	Prince Naif bin Abdulaziz International Airport	Qassim	26.302799	43.774399
ELS	FAEL	King Phalo Airport	East London	-33.035599	27.825899
ELU	DAUO	Guemar Airport - مطار قمار بالوادي	Guemar	33.511398	6.77679
ELV	PAEL	Elfin Cove Seaplane Base	Elfin Cove	58.195201873799995	-136.347000122
EMA	EGNX	East Midlands Airport	Nottingham, Leicestershire	52.8311	-1.32806
EMD	YEML	Emerald Airport	Emerald	-23.5674991608	148.179000854
EME	EDWE	Emden Airport	Emden	53.391109	7.2275
EMK	PAEM	Emmonak Airport	Emmonak	62.78609848	-164.4909973
ENA	PAEN	Kenai Municipal Airport	Kenai	60.570946	-151.245174
ENE	WATE	H. Hasan Aroeboesman (Ende) Airport	Ende	-8.849114	121.66101
ENF	EFET	Enontekio Airport	Enontekio	68.362602233887	23.424299240112
ENH	ZHES	Enshi Xujiaping Airport	Enshi (Enshi)	30.320299	109.485001
ENI	RPEN	El Nido Airport	El Nido	11.202399	119.416087
ENO	SGEN	Teniente Ramon A. Ayub Gonzalez International Airport	Encarnación	-27.227537	-55.837584
ENT	PKMA	Eniwetok Airport	Eniwetok Atoll	11.340700149536133	162.3280029296875
ENU	DNEN	Akanu Ibiam International Airport	Enegu	6.473718	7.560463
ENY	ZLYA	Yan'an Nanniwan Airport	Yan'an (Baota)	36.479413	109.464083
EOH	SKMD	Enrique Olaya Herrera Airport	Medellín	6.219686	-75.590597
EOI	EGED	Eday Airport	Eday	59.19060134887695	-2.7722198963165283
EPR	YESP	Esperance Airport	Esperance	-33.684399	121.822998
EPU	EEPU	Pärnu Airport	Pärnu	58.41899871826172	24.47279930114746
EQS	SAVE	Esquel Brigadier Antonio Parodi International Airport	Esquel	-42.908001	-71.139503
ERC	LTCD	Erzincan Airport	Erzincan	39.7102012634	39.527000427199994
ERF	EDDE	Erfurt-Weimar Airport	Erfurt	50.978281	10.960713
ERH	GMFK	Moulay Ali Cherif Airport	Errachidia	31.9475002289	-4.39833021164
ERI	KERI	Erie International Tom Ridge Field	Erie	42.083127	-80.173867
ERL	ZBER	Erenhot Saiwusu International Airport	Erenhot	43.424079	112.091081
ERS	FYWE	Eros Airport	Windhoek	-22.60492	17.079002
ERZ	LTCE	Erzurum International Airport	Erzurum	39.956501	41.1702
ESB	LTAC	Esenboğa International Airport	Ankara	40.128101	32.995098
ESC	KESC	Delta County Airport	Escanaba	45.723199	-87.088623
ESD	KORS	Orcas Island Airport	Eastsound	48.708199	-122.910004
ESL	URWI	Elista Airport	Elista	46.373901	44.330898
ESM	SETN	Carlos Concha Torres International Airport	Tachina	0.978519	-79.626602
ESR	SCES	Ricardo García Posada Airport	El Salvador	-26.3111	-69.765198
ESU	GMMI	Essaouira-Mogador Airport	Essaouira	31.397499	-9.68167
ETM	LLER	Ramon International Airport	Eilat	29.727009	35.014116
ETR	SERO	Santa Rosa - Artillery Colonel Victor Larrea International Airport	Santa Rosa	-3.441986	-79.996957
ETZ	LFJL	Metz-Nancy-Lorraine Airport	Goin	48.982101	6.25132
EUA	NFTE	Kaufana Airport	Eua Island	-21.378299713100002	-174.957992554
EUG	KEUG	Eugene Airport	Eugene	44.124599	-123.211998
EUN	GMML	Laayoune Hassan I International Airport	El Aaiún	27.142467	-13.224947
EUX	TNCE	F. D. Roosevelt Airport	Oranjestad	17.4965	-62.979401
EVE	ENEV	Harstad/Narvik Airport	Evenes	68.491302	16.678101
EVG	ESND	Sveg Airport	Sveg	62.047798	14.4229
EVN	UDYZ	Zvartnots International Airport	Yerevan	40.148941	44.397887
EVV	KEVV	Evansville Regional Airport	Evansville	38.0369987488	-87.5324020386
EWB	KEWB	New Bedford Regional Airport	New Bedford	41.67610168457031	-70.95690155029297
EWN	KEWN	Coastal Carolina Regional Airport	New Bern	35.0730018616	-77.04290008539999
EWR	KEWR	Newark Liberty International Airport	Newark	40.6894	-74.170545
EXI		Excursion Inlet Seaplane Base	Excursion Inlet	58.420502	-135.449005
EXT	EGTE	Exeter International Airport	Exeter, Devon	50.734261	-3.413984
EYK	USHQ	Beloyarskiy Airport		63.686901	66.698601
EYP	SKYP	El Alcaravan - Yopal Airport	Yopal	5.31911	-72.384
EYW	KEYW	Key West International Airport	Key West	24.556119	-81.759579
EZE	SAEZ	Ezeiza International Airport - Ministro Pistarini	Buenos Aires (Ezeiza)	-34.8222	-58.5358
EZS	LTCA	Elazığ Airport	Elazığ	38.597974	39.28348
FAE	EKVG	Vágar Airport	Vágar	62.063256	-7.275782
FAI	PAFA	Fairbanks International Airport	Fairbanks	64.815102	-147.856003
FAO	LPFR	Faro - Gago Coutinho International Airport	Faro	37.015909	-7.970939
FAR	KFAR	Hector International Airport	Fargo	46.9207	-96.815804
FAT	KFAT	Fresno Yosemite International Airport	Fresno	36.775767	-119.718018
FAV	NTGF	Fakarava Airport		-16.054100036621094	-145.65699768066406
FAY	KFAY	Fayetteville Regional Airport - Grannis Field	Fayetteville	34.991199	-78.880302
FBD	OAFZ	Fayzabad Airport	Fayzabad	37.122148	70.5201
FBE	SSFB	Paulo Abdala Airport	Francisco Beltrão	-26.05938	-53.063827
FBM	FZQA	Lubumbashi International Airport	Lubumbashi	-11.591494	27.530753
FBS		Friday Harbor Seaplane Base	Friday Harbor	48.5373	-123.010002
FCA	KGPI	Glacier Park International Airport	Kalispell	48.310501	-114.255997
FCN	ETMN	Sea-Airport Cuxhaven/Nordholz / Nordholz Naval Airbase	Wurster Nordseeküste	53.767689	8.659201
FCO	LIRF	Rome–Fiumicino Leonardo da Vinci International Airport	Rome	41.804532	12.251998
FDE	ENBL	Førde Airport, Bringeland	Førde	61.391102	5.75694
FDF	TFFF	Martinique Aimé Césaire International Airport	Fort-de-France	14.591	-61.003201
FDH	EDNY	Bodensee Airport Friedrichshafen	Friedrichshafen	47.671299	9.51149
FDU	FZBO	Bandundu Airport	Bandundu	-3.31132	17.381701
FEC		João Durval Carneiro Airport	Feira de Santana	-12.200694	-38.906164
FEG	UZFF	Fergana International Airport	Fergana	40.358799	71.745003
FEN	SBFN	Fernando de Noronha Airport	Fernando de Noronha	-3.854534	-32.423017
FEZ	GMFF	Fes Saïss International Airport	Saïss	33.927299	-4.97796
FGU	NTGB	Fangatau Airport	Fangatau	-15.820044	-140.888071
FHZ	NTKH	Fakahina Airport	Fakahina	-15.992259	-140.164246
FIE	EGEF	Fair Isle Airport	Fair Isle	59.534721	-1.628509
FIH	FZAA	Ndjili International Airport	Kinshasa	-4.38575	15.4446
FIZ	YFTZ	Fitzroy Crossing Airport		-18.183596	125.559783
FJR	OMFJ	Fujairah International Airport	Fujairah	25.108411	56.328061
FKB	EDSB	Karlsruhe Baden-Baden Airport	Rheinmünster	48.7794	8.0805
FKI	FZIC	Bangoka International Airport	Kisangani	0.481639	25.337999
FKQ	WASF	Fakfak Airport	Fakfak	-2.920508	132.267011
FKS	RJSF	Fukushima Airport	Sukagawa	37.22740173339844	140.43099975585938
FLA	SKFL	Gustavo Artunduaga Paredes Airport	Florencia	1.58919	-75.5644
FLG	KFLG	Flagstaff Pulliam Airport	Flagstaff	35.139757	-111.669826
FLL	KFLL	Fort Lauderdale Hollywood International Airport	Fort Lauderdale	26.072599	-80.152702
FLN	SBFL	Hercílio Luz International Airport	Florianópolis	-27.670279	-48.552502
FLO	KFLO	Florence Regional Airport	Florence	34.18539810180664	-79.7238998413086
FLR	LIRQ	Florence Airport, Peretola	Firenze (FI)	43.808558	11.202822
FLS	YFLI	Flinders Island Airport	Whitemark	-40.091702	147.992996
FLW	LPFL	Flores Airport	Santa Cruz das Flores	39.455299377441406	-31.131399154663086
FLZ	WIMS	Dr. Ferdinand Lumban Tobing Airport	Sibolga (Pinangsori)	1.557127	98.887145
FMA	SARF	Formosa National Airport	Formosa	-26.2127	-58.2281
FMI	FZRF	Kalemie Airport	Kalemie	-5.87556	29.25
FMM	EDJA	Memmingen Allgau Airport	Memmingen	47.988092	10.238248
FMO	EDDG	Münster Osnabrück Airport	Greven	52.133816	7.688482
FMT		Faresmaathoda Airport	Faresmaathodaa	0.192647	73.196755
FNA	GFLL	Lungi International Airport	Freetown (Lungi-Town)	8.61644	-13.1955
FNC	LPMA	Cristiano Ronaldo International Airport	Funchal	32.697812	-16.774613
FND		Funadhoo Airport	Funadhoo	6.162443	73.28752
FNI	LFTW	Nîmes-Arles-Camargue Airport	Nîmes/Garons	43.757401	4.41635
FNJ	ZKPY	Pyongyang Sunan International Airport	Pyongyang	39.224098	125.669998
FNR	PANR	Funter Bay Seaplane Base	Funter Bay	58.2543983459	-134.897994995
FNT	KFNT	Bishop International Airport	Flint	42.969294	-83.743355
FOA		Foula Airfield	Foula	60.121916	-2.053439
FOC	ZSFZ	Fuzhou Changle International Airport	Fuzhou (Changle)	25.929254	119.672524
FOD	KFOD	Fort Dodge Regional Airport	Fort Dodge	42.552624	-94.191237
FOG	LIBF	Foggia Gino Lisa Airport	Foggia (FG)	41.433596	15.534566
FON	MRAN	La Fortuna Arenal Airport	La Fortuna	10.469311	-84.579073
FOR	SBFZ	Pinto Martins International Airport	Fortaleza	-3.775833	-38.532222
FPO	MYGF	Grand Bahama International Airport	Freeport	26.557996	-78.695583
FRA	EDDF	Frankfurt Main Airport	Frankfurt am Main	50.026706	8.55835
FRD	KFHR	Friday Harbor Airport	Friday Harbor	48.523654	-123.024645
FRE	AGGF	Fera/Maringe Airport	Fera Island	-8.1075	159.576996
FRL	LIPK	Forlì-Luigi Ridolfi International Airport	Forlì (FC)	44.194801	12.0701
FRO	ENFL	Florø Airport	Florø	61.583599090576	5.0247201919556
FRS		Mundo Maya International Airport	San Benito	16.913707	-89.866143
FRW	FBPM	Phillip Gaonwe Matante International Airport	Francistown	-21.159183	27.468826
FSC	LFKF	Figari Sud-Corse Airport	Figari	41.50185	9.097092
FSD	KFSD	Sioux Falls Regional Airport	Sioux Falls	43.585463	-96.741152
FSH	WIMI	Syekh Hamzah Fansyuri Airport	Singkil	2.269614	97.967863
FSM	KFSM	Fort Smith Regional Airport	Fort Smith	35.336601	-94.367401
FSP	LFVP	Saint-Pierre Pointe-Blanche Airport	Saint-Pierre	46.762651	-56.17499
FSZ	RJNS	Mount Fuji Shizuoka Airport	Makinohara / Shimada	34.795022	138.190976
FTA	NVVF	Futuna Airport	Futuna Island	-19.516399383499998	170.231994629
FTE		El Calafate - Commander Armando Tola International Airport	El Calafate	-50.280267	-72.053401
FTI	NSFQ	Fitiuta Airport	Fitiuta Village	-14.216131	-169.423771
FTU	FMSD	Tôlanaro Airport	Tôlanaro	-25.038099	46.9561
FTW	KFTW	Fort Worth Meacham International Airport	Fort Worth	32.819919	-97.360818
FUE	GCFV	Fuerteventura Airport	El Matorral	28.4527	-13.8638
FUG	ZSFY	Fuyang Xiguan Airport	Yingzhou, Fuyang	32.882157	115.734364
FUJ	RJFE	Fukue Airport	Goto	32.666302	128.832993
FUK	RJFF	Fukuoka Airport	Fukuoka	33.585899353027344	130.4510040283203
FUN	NGFU	Funafuti International Airport	Funafuti	-8.523885	179.196976
FUO	ZGFS	Foshan Shadi Airport	Foshan (Nanhai)	23.0825	113.070833
FUT	NLWF	Pointe Vele Airport	Futuna Island	-14.311565	-178.066492
FWA	KFWA	Fort Wayne International Airport	Fort Wayne	40.978896	-85.194465
FYJ	ZYFY	Fuyuan Dongji Airport	Fuyuan	48.197219	134.36298
FYN	ZWFY	Fuyun Koktokay Airport	Fuyun	46.804169	89.512006
FYU	PFYU	Fort Yukon Airport	Fort Yukon	66.571651	-145.249987
GAE	DTTG	Gabès Matmata International Airport	Gabès	33.733691	9.91941
GAF	DTTF	Gafsa Ksar International Airport	Gafsa	34.422000885009766	8.822500228881836
GAJ	RJSC	Yamagata Airport	Higashine	38.4119	140.371002
GAL	PAGA	Edward G. Pitka Sr Airport	Galena	64.736198	-156.936997
GAM	PAGM	Gambell Airport	Gambell	63.767694	-171.733303
GAN	VRMG	Gan International Airport	Gan	-0.692975	73.152627
GAQ	GAGO	Gao International Airport	Gao	16.248466	-0.005389
GAU	VEGT	Lokpriya Gopinath Bordoloi International Airport	Guwahati	26.106654	91.585226
GAX	FOGX	Gamba Airport	Gamba	-2.785278	10.047222
GAY	VEGY	Gaya Airport	Gaya	24.744301	84.951202
GBB	UBBQ	Gabala International Airport	Gabala	40.808617	47.725389
GBE	FBSK	Sir Seretse Khama International Airport	Gaborone	-24.555201	25.9182
GBI	VOGB	Kalaburagi Airport	Kalaburagi	17.308154	76.965246
GBJ	TFFM	Marie-Galante Airport	Grand-Bourg	15.868925	-61.270087
GBZ	NZGB	Great Barrier Aerodrome	Claris	-36.241402	175.472
GCC	KGCC	Northeast Wyoming Regional Airport	Gillette	44.3489	-105.539001
GCH	OIAH	Gachsaran Airport	Gachsaran	30.333869	50.833796
GCI	EGJB	Guernsey Airport	Saint Peter Port	49.435001	-2.60197
GCK	KGCK	Garden City Regional Airport	Garden City	37.9275016785	-100.723999023
GCM	MWCR	Owen Roberts International Airport	George Town	19.292801	-81.357697
GCN	KGCN	Grand Canyon National Park Airport	Grand Canyon - Tusayan	35.9524	-112.147003
GDB	VAGD	Gondia Airport	Gondia	21.526817	80.290347
GDE	HAGO	Gode Airport	Gode	5.93513011932	43.5786018372
GDL	MMGL	Guadalajara International Airport	Guadalajara	20.523342	-103.310108
GDN	EPGD	Gdańsk Lech Wałęsa Airport	Gdańsk	54.377602	18.4662
GDQ	HAGN	Gondar Airport	Azezo	12.5199	37.433998
GDT	MBGT	JAGS McCartney International Airport	Cockburn Town	21.4445	-71.142303
GDV	KGDV	Dawson Community Airport	Glendive	47.137658	-104.80691
GDX	UHMM	Sokol Airport	Magadan	59.9109992980957	150.72000122070312
GDZ	URKG	Gelendzhik Airport	Gelendzhik	44.5820926295	38.0124807358
GEA	NWWM	Nouméa Magenta Airport	Nouméa	-22.257706	166.472822
GEC	LCGK	Lefkoniko Airport / Geçitkale Air Base	Lefkoniko (Geçitkale)	35.23591	33.720088
GEG	KGEG	Spokane International Airport	Spokane	47.6199	-117.533997
GEL	SBNM	Santo Ângelo Airport	Santo Ângelo	-28.282503	-54.169623
GEM	FGMY	President Obiang Nguema International Airport	Mengomeyén	1.676437	11.024904
GEO	SYCJ	Cheddi Jagan International Airport	Georgetown	6.49855	-58.254101
GER	MUNG	Rafael Cabrera Airport	Nueva Gerona	21.834699630737305	-82.78379821777344
GES	RPMR	General Santos International Airport	General Santos	6.057208	125.096243
GET	YGEL	Geraldton Airport	Moonyoonooka	-28.796101	114.707001
GEV	ESNG	Gällivare Airport	Gällivare	67.13240051269531	20.814599990844727
GFF	YGTH	Griffith Airport	Griffith	-34.2508010864	146.067001343
GFK	KGFK	Grand Forks International Airport	Grand Forks	47.949299	-97.176102
GGF	SNYA	Almeirim Airport	Almeirim	-1.479524	-52.578214
GGG	KGGG	East Texas Regional Airport	Longview	32.38399887084961	-94.71150207519531
GGJ	SSGY	Guaíra Airport	Guaíra	-24.0811	-54.1917
GGR	HCGR	Garowe Airport	Garowe	8.458474	48.568136
GGS	SAWR	Gobernador Gregores Airport	Gobernador Gregores	-48.7831	-70.150002
GGT	MYEF	Exuma International Airport	Moss Town	23.562599	-75.877998
GGW	KGGW	Glasgow Valley County Airport Wokal Field	Glasgow	48.212502	-106.614998
GHA	DAUG	Noumérat - Moufdi Zakaria Airport	El Atteuf	32.384102	3.79411
GHB	MYEM	Governor's Harbour Airport	Governor's Harbour	25.2847	-76.331001
GHT	HLGT	Ghat Airport	Ghat	25.1455993652	10.142600059500001
GHV	LRBV	Brașov-Ghimbav International Airport	Brașov (Ghimbav)	45.70558	25.522871
GIB	LXGB	Gibraltar Airport	Gibraltar	36.151679	-5.34978
GIC	YBOI	Boigu Island Airport	Boigu Island	-9.23278	142.218002
GID	HBBE	Gitega Airport	Gitega	-3.417209	29.911308
GIG	SBGL	Rio Galeão – Tom Jobim International Airport	Rio De Janeiro	-22.809999	-43.250557
GIL	OPGT	Gilgit Airport	Gilgit	35.918800354003906	74.33360290527344
GIS	NZGS	Gisborne Airport	Gisborne	-38.6633	177.977997
GIZ	OEGN	Jizan Regional Airport / King Abdullah bin Abdulaziz Airport	Jizan	16.9011	42.5858
GJA	MHNJ	La Laguna Airport	Guanaja	16.4454	-85.906601
GJL	DAAV	Jijel Ferhat Abbas Airport	Tahir	36.794125	5.873652
GJT	KGJT	Grand Junction Regional Airport	Grand Junction	39.126663	-108.529387
GKA	AYGA	Goroka Airport	Goronka	-6.081689834590001	145.391998291
GKK	VRMO	Kooddoo Airport	Huvadhu Atoll	0.7324	73.4336
GKN	PAGK	Gulkana Airport	Gulkana	62.155859	-145.454662
GLA	EGPF	Glasgow Airport	Glasgow	55.871899	-4.43306
GLF	MRGF	Golfito Airport	Golfito	8.65401	-83.182198
GLH	KGLH	Mid Delta Regional Airport	Greenville	33.482899	-90.985603
GLK	HCMR	Galcaio Airport	Galcaio	6.78082990646	47.45470047
GLT	YGLA	Gladstone Airport	Gladstone	-23.869763	151.225439
GLV	PAGL	Golovin Airport	Golovin	64.550499	-163.007004
GMA	FZFK	Gemena Airport	Gemena	3.23537	19.771299
GMB	HAGM	Gambela Airport	Gambela	8.12876	34.563099
GME	UMGG	Gomel Airport	Gomel	52.527000427246094	31.016700744628906
GMI	AYGT	Gasmata Island Airport	Gasmata Island	-6.27111005783	150.330993652
GMO	DNGO	Gombe Lawanti International Airport	Gombe	10.298889	10.9
GMP	RKSS	Seoul Gimpo International Airport	Seoul	37.5583	126.791
GMQ	ZLGL	Golog Maqên Airport	Golog (Maqên)	34.418066	100.301144
GMR	NTGJ	Totegegie Airport		-23.07990074157715	-134.88999938964844
GMZ	GCGM	La Gomera Airport	Alajero, La Gomera Island	28.0296	-17.2146
GNB	LFLS	Grenoble Alpes Isère Airport	Grenoble	45.3629	5.32937
GND	TGPY	Maurice Bishop International Airport	Saint George's	12.003996	-61.785302
GNJ	UBBG	Ganja International Airport	Ganja	40.738692	46.320383
GNS	WIMB	Binaka Airport	Gunungsitoli	1.166275	97.705196
GNU		Goodnews Airport	Goodnews	59.117561	-161.575241
GNV	KGNV	Gainesville Regional Airport	Gainesville	29.6900997162	-82.2717971802
GNY	LTCS	Şanlıurfa GAP Airport	Şanlıurfa	37.445663	38.895592
GOA	LIMJ	Genoa Cristoforo Colombo Airport	Genova (GE)	44.412039	8.840732
GOH	BGGH	Nuuk International Airport	Nuuk	64.191066	-51.67914
GOI	VOGO	Goa Dabolim International Airport	Vasco da Gama	15.380062	73.833328
GOJ	UWGG	Nizhny Novgorod / Strigino International Airport	Nizhny Novgorod	56.227351	43.785152
GOM	FZNA	Goma International Airport	Goma	-1.666758	29.238037
GOP	VEGK	Gorakhpur Airport	Gorakhpur	26.739700317399997	83.4496994019
GOQ	ZLGM	Golmud Airport	Golmud	36.4006	94.786102
GOT	ESGG	Göteborg Landvetter Airport	Göteborg	57.6628	12.2798
GOU	FKKR	Garoua International Airport	Garoua	9.334785	13.372129
GOV	YPGV	Gove Airport	Nhulunbuy	-12.269399642899998	136.817993164
GOX	VOGA	Manohar International Airport	Mopa	15.744257	73.860625
GOY	UNIT	Tura Mountain Airport	Tura	64.333511	100.432892
GPA	LGRX	Patras Araxos Agamemnon Airport	Patras	38.1511	21.4256
GPB		Tancredo Thomas de Faria Airport	Guarapuava	-25.388327	-51.52349
GPI	SKGP	Guapi Airport	Guapi	2.57013	-77.897969
GPS	SEGS	Seymour Galapagos Ecological Airport	Isla Baltra	-0.453758	-90.2659
GPT	KGPT	Gulfport Biloxi International Airport	Gulfport	30.405582	-89.069836
GRB	KGRB	Austin Straubel International Airport	Green Bay	44.483459	-88.130805
GRI	KGRI	Central Nebraska Regional Airport	Grand Island	40.967498779296875	-98.30960083007812
GRJ	FAGG	George Airport	George	-34.0056	22.378902
GRK	KGRK	Killeen Regional Airport / Robert Gray Army Airfield	Fort Cavazos	31.0672	-97.828903
GRO	LEGE	Girona-Costa Brava Airport	Girona	41.904639	2.761774
GRQ	EHGG	Groningen Airport Eelde	Groningen	53.119107	6.577652
GRR	KGRR	Gerald R. Ford International Airport	Grand Rapids	42.880798	-85.522797
GRU	SBGR	São Paulo/Guarulhos–Governor André Franco Montoro International Airport	São Paulo	-23.431274	-46.469954
GRV	URMG	Akhmat Kadyrov Grozny International Airport	Grozny	43.388106	45.699772
GRW	LPGR	Graciosa Airport	Santa Cruz da Graciosa	39.092201232910156	-28.029800415039062
GRX	LEGR	F.G.L. Airport Granada-Jaén Airport	Granada	37.188702	-3.77736
GRY	BIGR	Grímsey Airport	Grímsey/Sandvík	66.5458	-18.0173
GRZ	LOWG	Graz Airport	Feldkirchen bei Graz	46.9911	15.4396
GSM	OIKQ	Qeshm International Airport	Qeshm(Dayrestan)	26.754639	55.902353
GSO	KGSO	Piedmont Triad International Airport	Greensboro	36.09937	-79.937262
GSP	KGSP	Greenville-Spartanburg International Airport	Greenville/Greer/Spartanburg	34.895699	-82.218903
GST	PAGS	Gustavus Airport	Gustavus	58.4253006	-135.7070007
GSV	UWSG	Gagarin International Airport	Saratov	51.712778	46.171111
GTA	AGOK	Gatokae Aerodrome	Gatokae	-8.738358	158.202836
GTE	YGTE	Groote Eylandt Airport	Groote Eylandt	-13.972405	136.458553
GTF	KGTF	Great Falls International Airport	Great Falls	47.481998	-111.371002
GTO	WAMG	Jalaluddin Airport	Gorontalo	0.637119	122.849998
GTR	KGTR	Golden Triangle Regional Airport	Columbus/W Point/Starkville	33.450298	-88.5914
GUA	MGGT	La Aurora International Airport	Guatemala City	14.582896	-90.527515
GUB	MMGR	Guerrero Negro Airport	San Quintín	28.0261	-114.024002
GUC	KGUC	Gunnison Crested Butte Regional Airport	Gunnison	38.534672	-106.934566
GUM	PGUM	Antonio B. Won Pat International Airport	Hagåtña	13.485	144.797282
GUP	KGUP	Gallup Municipal Airport	Gallup	35.511653	-108.788166
GUR	AYGN	Gurney Airport	Gurney	-10.3114995956	150.333999634
GUW	UATG	Atyrau International Airport	Atyrau	47.121318	51.820343
GUZ	SNGA	Guarapari Airport	Guarapari	-20.6465	-40.491901
GVA	LSGG	Geneva International Airport	Geneva	46.238098	6.10895
GVR	SBGV	Coronel Altino Machado Airport	Governador Valadares	-18.895882	-41.982869
GWD	OPGW	New Gwadar International Airport	Gurandani	25.296733	62.498822
GWL	VIGR	Gwalior Airport	Gwalior	26.29330062866211	78.22779846191406
GWT	EDXW	Westerland Sylt Airport	Sylt	54.9132	8.34047
GXF	OYSY	Seiyun Hadhramaut International Airport	Seiyun	15.965887	48.788146
GXG	FNNG	Negage Airport	Negage	-7.754509925842285	15.287699699401855
GXH	ZLXH	Gannan Xiahe Airport	Gannan (Xiahe)	34.819014	102.622261
GYA		Guayaramerín Airport	Guayaramerín	-10.88856	-65.380955
GYD	UBBB	Heydar Aliyev International Airport	Baku	40.47278	50.050931
GYE	SEGU	José Joaquín de Olmedo International Airport	Guayaquil	-2.15742	-79.883598
GYM	MMGM	General José María Yáñez International Airport	Guaymas	27.9689998626709	-110.92500305175781
GYN	SBGO	Santa Genoveva International Airport	Goiânia	-16.632	-49.220699
GYS	ZUGU	Guangyuan Panlong Airport	Guangyuan (Lizhou)	32.390254	105.694571
GYU	ZLGY	Guyuan Liupanshan Airport	Guyuan (Yuanzhou)	36.078889	106.216944
GYY		Gary/Chicago International Airport	Gary	41.617087	-87.413206
GYZ	YGRM	Gruyere Airport	Cosmo Newbery	-28.034548	123.81506
GZG	ZUGZ	Garze Gesar Airport	Garzê (Garzê)	31.7575	99.554167
GZM	LMMG	Xewkija Heliport	Gozo	36.027199	14.2728
GZO	AGGN	Nusatupe Airport	Gizo	-8.09778022766	156.863998413
GZP	LTFG	Gazipaşa-Alanya Airport	Gazipaşa	36.298832	32.297017
GZT	LTAJ	Gaziantep Oğuzeli International Airport	Gaziantep	36.947201	37.478699
HAA	ENHK	Hasvik Airport	Hasvik	70.486702	22.1397
HAC	RJTH	Hachijojima Airport	Hachijojima	33.114843	139.785645
HAD	ESMT	Halmstad Airport	Halmstad	56.69110107421875	12.820199966430664
HAH	FMCH	Prince Said Ibrahim International Airport	Moroni	-11.5337	43.2719
HAJ	EDDV	Hannover Airport	Hannover	52.461102	9.68508
HAK	ZJHK	Haikou Meilan International Airport	Haikou (Meilan)	19.9349	110.459
HAL	FYHI	Halali Airport	Halali	-19.0285	16.4585
HAM	EDDH	Hamburg Helmut Schmidt Airport	Hamburg	53.630402	9.98823
HAN	VVNB	Noi Bai International Airport	Hanoi (Soc Son)	21.221201	105.806999
HAQ	VRMH	Hanimaadhoo International Airport	Haa Dhaalu Atoll	6.743235	73.167072
HAS	OEHL	Hail International Airport	Hail	27.437901	41.686298
HAU	ENHD	Haugesund Airport, Karmøy	Karmøy	59.345299	5.20836
HAV	MUHA	José Martí International Airport	Havana	22.989200592041016	-82.40910339355469
HBA	YMHB	Hobart International Airport	Hobart (Cambridge)	-42.837032	147.513022
HBE	HEAX	Alexandria International Airport	Alexandria	30.93249	29.696437
HBQ	ZLHB	Haibei Qilian Airport	Haibei (Qilian)	38.008068	100.645065
HBT		Hambantota Seaplane Base	Hambantota	6.124043	81.103
HBX	VOHB	Hubballi Airport	Hubballi	15.361084	75.082096
HCJ	ZGHC	Hechi Jinchengjiang Airport	Hechi (Jinchengjiang)	24.804344	107.710819
HCR	PAHC	Holy Cross Airport	Holy Cross	62.18830108642578	-159.77499389648438
HCZ	ZGCZ	Chenzhou Beihu Airport	Chenzhou	25.753419	112.845404
HDD	OPKD	Hyderabad Airport	Hyderabad	25.3181	68.366096
HDF	EDAH	Heringsdorf Airport	Zirchow	53.8787	14.1523
HDG	ZBHD	Handan Airport	Handan	36.524824	114.424126
HDK		Kulhudhuffushi Airport	Kulhudhuffushi	6.630762	73.067815
HDM	OIHH	Hamadan Airport	Hamadan	34.866416	48.56069
HDN	KHDN	Yampa Valley Airport	Hayden	40.481201	-107.218002
HDO	VIDX	Hindon Airport / Hindon Air Force Station	Ghaziabad	28.707701	77.358902
HDS	FAHS	Eastgate Airport / Air Force Base Hoedspruit	Hoedspruit	-24.361864	31.052921
HDY	VTSS	Hat Yai International Airport	Hat Yai	6.93321	100.392998
HEA	OAHR	Herat - Khwaja Abdullah Ansari International Airport	Guzara	34.209999	62.228298
HEH	VYHH	Heho Airport	Heho	20.74714	96.792029
HEI	EDXB	Heide-Büsum Airport	Oesterdeichstrich	54.153332	8.901667
HEK	ZYHE	Heihe Aihui Airport	Heihe	50.171621	127.308884
HEL	EFHK	Helsinki Vantaa Airport	Helsinki (Vantaa)	60.318363	24.963341
HER	LGIR	Heraklion International Nikos Kazantzakis Airport	Heraklion	35.339699	25.1803
HET	ZBHH	Hohhot Baita International Airport	Hohhot	40.849658	111.824598
HFA	LLHA	Uri Michaeli Haifa International Airport	Haifa	32.810219	35.043719
HFE	ZSOF	Hefei Xinqiao International Airport	Hefei	31.98779	116.9769
HFN	BIHN	Hornafjörður Airport	Höfn	64.295601	-15.2272
HFS	ESOH	Hagfors Airport	Råda	60.0201	13.5789
HFT	ENHF	Hammerfest Airport	Hammerfest	70.679703	23.6686
HGA	HCMH	Egal International Airport	Hargeisa	9.514082	44.083469
HGD	YHUG	Hughenden Airport	Hughenden	-20.815001	144.225006
HGH	ZSHC	Hangzhou Xiaoshan International Airport	Hangzhou	30.23609	120.428865
HGI		Itanagar Donyi Polo Hollongi Airport	Hollongi	26.96683	93.638792
HGL	EDXH	Helgoland-Düne Airport	Helgoland	54.18528	7.915833
HGN	VTCH	Mae Hong Son Airport	Mae Hong Son	19.3013	97.9758
HGO	DIKO	Korhogo Airport	Korhogo	9.38718	-5.55666
HGR	KHGR	Hagerstown Regional Richard A Henson Field	Hagerstown	39.708771	-77.728014
HGU	AYMH	Mount Hagen Kagamuga Airport	Mount Hagen	-5.828212	144.299412
HHH	KHXD	Hilton Head Airport	Hilton Head Island	32.2244	-80.697502
HHN	EDFH	Frankfurt-Hahn Airport	Frankfurt am Main (Lautzenhausen)	49.946353	7.261734
HHP	VHSS	Shun Tak Heliport	Central and Western	22.288868	114.152369
HHQ	VTPH	Hua Hin Airport	Hua Hin	12.6361999512	99.951499939
HHR	KHHR	Jack Northrop Field Hawthorne Municipal Airport	Hawthorne	33.922798	-118.334999
HHZ	NTGH	Hikueru Airport	Hikueru	-17.548297	-142.612037
HIA	ZSSH	Huai'an Lianshui Airport	Huai'an	33.792712	119.126657
HIB	KHIB	Range Regional Airport	Hibbing	47.384831	-92.836905
HID	YHID	Horn Island Airport	Horn	-10.585636	142.29277
HII	KHII	Lake Havasu City Airport	Lake Havasu City	34.570506	-114.357745
HIJ	RJOA	Hiroshima Airport	Hiroshima	34.4361	132.919006
HIL	HASL	Shilavo Airport	Shilavo	6.077545	44.763736
HIN	RKPS	Sacheon Airport / Sacheon Air Base	Sacheon	35.088591	128.071747
HIR	AGGH	Honiara International Airport	Honiara	-9.428	160.054993
HIS		Hayman Island Resort Seaplane Base	Hayman Island	-20.059999465942383	148.88099670410156
HJB	ZWHJ	Hejing Bayinbuluke Airport	Hejing	42.976395	83.995543
HJJ	ZGCJ	Huaihua Zhijiang Airport	Huaihua	27.443087	109.704666
HJR		Khajuraho Airport	Khajuraho	24.8172	79.918602
HKD	RJCH	Hakodate Airport	Hakodate	41.77	140.822006
HKG	VHHH	Hong Kong International Airport	Hong Kong	22.31184	113.914862
HKK	NZHK	Hokitika Airfield		-42.713600158691406	170.98500061035156
HKN	AYHK	Hoskins Airport	Kimbe	-5.463846	150.407327
HKT	VTSP	Phuket International Airport	Phuket	8.113257	98.3174
HLA	FALA	Lanseria International Airport	Johannesburg	-25.938964	27.926642
HLD	ZBLA	Hulunbuir Hailar Airport	Hailar	49.208616	119.822301
HLE	FHSH	Saint Helena International Airport	Jamestown	-15.958898	-5.646066
HLH	ZBUL	Ulanhot Yilelite Airport	Ulanhot	46.195333	122.008333
HLN	KHLN	Helena Regional Airport	Helena	46.6068	-111.983002
HLP	WIHH	Halim Perdanakusuma International Airport	Jakarta	-6.266989	106.890318
HLZ	NZHN	Hamilton International Airport	Hamilton	-37.866961	175.331952
HMA	USHH	Khanty Mansiysk Airport	Khanty-Mansiysk	61.0285	69.086098
HMB	HESG	Suhaj International Airport	Suhaj	26.342515	31.743017
HME	DAUH	Hassi Messaoud-Oued Irara Krim Belkacem Airport	Hassi Messaoud	31.673	6.14044
HMI	ZWHM	Hami Airport	Hami	42.8414	93.669197
HMO	MMHO	General Ignacio L. Pesqueira International Airport	Hermosillo	29.092811	-111.053015
HMS	WAGB	Haji Muhammad Sidik Airport	Muara Teweh	-1.02581	114.92881
HMV	ESUT	Hemavan Airport	Hemavan	65.806099	15.0828
HNA	RJSI	Iwate Hanamaki Airport	Hanamaki	39.4286	141.134995
HND	RJTT	Tokyo Haneda International Airport	Tokyo	35.549678	139.786958
HNH	PAOH	Hoonah Airport	Hoonah	58.0961	-135.410111
HNL	PHNL	Daniel K. Inouye International Airport	Honolulu, Oahu	21.318387	-157.92567
HNM	PHHN	Hana Airport	Hana	20.795601	-156.014008
HNS	PAHN	Haines Airport	Haines	59.243921	-135.523925
HNY	ZGHY	Hengyang Nanyue Airport	Hengyang	26.72208	112.617958
HOB	KHOB	Lea County Regional Airport	Hobbs	32.6875	-103.217003
HOF	OEAH	Al-Ahsa International Airport	Hofuf	25.285299	49.485199
HOG	MUHG	Frank Pais International Airport	Holguin	20.785148	-76.315526
HOI	NTTO	Hao Airport	Otepa	-18.0748	-140.945999
HOK	YHOO	Hooker Creek Airport	Lajamanu	-18.3367004395	130.638000488
HOM	PAHO	Homer Airport	Homer	59.644456	-151.479235
HOR	LPHR	Horta Airport	Horta	38.519901275634766	-28.715900421142578
HOT	KHOT	Memorial Field Airport	Hot Springs	34.4788	-93.096262
HOU	KHOU	William P. Hobby Airport	Houston	29.645336	-95.276812
HOV	ENOV	Ørsta-Volda Airport, Hovden	Ørsta	62.180000305176	6.0741000175476
HPA	NFTL	Lifuka Island Airport	Lifuka	-19.777000427246094	-174.34100341796875
HPB	PAHP	Hooper Bay Airport	Hooper Bay	61.523899	-166.147003
HPG	ZHSN	Shennongjia Hongping Airport	Shennongjia (Hongping)	31.626	110.34
HPH	VVCI	Cat Bi International Airport	Haiphong (Hai An)	20.817428	106.724315
HPN	KHPN	Westchester County Airport	White Plains	41.06700134277344	-73.70760345458984
HQL	ZWTK	Tashikuergan Hongqilafu Airport	Tashikuergan	37.661333	75.288877
HQQ	ZHQQ	Anyang Hongqiqu Airport	Anyang	35.870833	114.461944
HRB	ZYHB	Harbin Taiping International Airport	Harbin	45.623402	126.25
HRE	FVRG	Robert Gabriel Mugabe International Airport	Harare	-17.931801	31.0928
HRF		Hoarafushi Airport		6.96967	72.896287
HRG	HEGN	Hurghada International Airport	Hurghada	27.176776	33.796692
HRH		Aligarh Airport	Aligarh	27.861437	78.145404
HRI	VCRI	Mattala Rajapaksa International Airport	Mattala	6.283878	81.124163
HRL	KHRL	Valley International Airport	Harlingen	26.228500366210938	-97.65440368652344
HRO	KHRO	Boone County Airport	Harrison	36.26150131225586	-93.15470123291016
HSA	UAIT	Hazrat Sultan International Airport	Turkıstan	43.311087	68.550352
HSC	ZGSG	Shaoguan Danxia Airport	Shaoguan	24.9786	113.420998
HSG	RJFS	Kyushu Saga International Airport	Saga	33.1497	130.302002
HSL	PAHL	Huslia Airport	Huslia	65.697899	-156.350998
HSN	ZSZS	Zhoushan Putuoshan International Airport	Zhoushan	29.933874	122.362307
HSR	VAHS	Rajkot International Airport	Rajkot	22.378824	71.039391
HSS	VIHR	Maharaja Agrasen International Airport	Hisar	29.186065	75.74142
HSV	KHSV	Huntsville International Airport	Huntsville	34.636244	-86.774378
HTA	UIAA	Chita-Kadala International Airport	Chita	52.024841	113.305839
HTG	UOHH	Khatanga Airport	Khatanga	71.97810363769531	102.49099731445312
HTI	YBHM	Hamilton Island Airport	Hamilton Island	-20.3581008911	148.95199585
HTN	ZWTN	Hotan Airport	Hotan	37.03850173950195	79.86489868164062
HTS	KHTS	Tri-State Airport / Milton J. Ferguson Field	Huntington	38.366699	-82.557999
HTT	ZLHX	Huatugou Airport	Mengnai	38.201645	90.837843
HTY	LTDA	Hatay Airport	Antakya	36.36079	36.285589
HUG	MGHT	Huehuetenango Airport	Huehuetenango	15.316667	-91.505556
HUH	NTTH	Huahine-Fare Airport	Fare	-16.687084	-151.021593
HUI	VVPB	Phu Bai International Airport	Huế	16.400628	107.703094
HUN	RCYU	Hualien Chiashan Airport	Hualien City	24.023163	121.617991
HUO	ZBHZ	Holingol Huolinhe Airport	Holingol	45.487222	119.407222
HUS	PAHU	Hughes Airport	Hughes	66.04109955	-154.2630005
HUU	SPNC	Alferez Fap David Figueroa Fernandini Airport	Huánuco	-9.878809928894043	-76.20480346679688
HUX	MMBT	Bahías de Huatulco International Airport	Huatulco	15.775437	-96.260456
HUY	EGNJ	Humberside Airport	Grimsby, Lincolnshire	53.576152	-0.34954
HUZ	ZGHZ	Huizhou Pingtan Airport	Huizhou (Pingtan)	23.049999	114.599998
HVB	YHBA	Hervey Bay Airport	Hervey Bay	-25.320127	152.880662
HVD	ZMKD	Khovd Airport	Khovd	47.954102	91.628197
HVG	ENHV	Honningsvåg Airport, Valan	Honningsvåg	71.009697	25.983601
HVN	KHVN	Tweed New Haven Airport	New Haven	41.262869	-72.887694
HVR	KHVR	Havre City County Airport	Havre	48.541387	-109.762859
HWR	VIHX	Halwara International Airport	Halwara	30.748501	75.629799
HXD	ZLDL	Haixi Delingha Airport	Delingha	37.125286	97.268658
HYA	KHYA	Cape Cod Gateway Airport	Hyannis	41.6693	-70.280403
HYD	VOHS	Rajiv Gandhi International Airport	Hyderabad	17.231318	78.429855
HYG	PAHY	Hydaburg Seaplane Base	Hydaburg	55.205227	-132.830286
HYL		Hollis Clark Bay Seaplane Base	Hollis	55.481529	-132.646008
HYN	ZSLQ	Taizhou Luqiao Airport	Taizhou (Luqiao)	28.562201	121.429001
HYS	KHYS	Hays Regional Airport	Hays	38.844521	-99.273148
HZA	ZSHZ	Heze Mudan Airport	Heze (Dingtao)	35.212972	115.736748
HZG	ZLHZ	Hanzhong Chenggu Airport	Hanzhong (Chenggu)	33.133527	107.203817
HZH	ZUNP	Liping Airport	Liping	26.32217	109.1499
IAA	UOII	Igarka Airport	Igarka	67.437202	86.621902
IAD	KIAD	Washington Dulles International Airport	Dulles	38.9445	-77.455803
IAG	KIAG	Niagara Falls International Airport	Niagara Falls	43.1073	-78.946198
IAH	KIAH	George Bush Intercontinental Airport	Houston	29.9844	-95.3414
IAM	DAUZ	Zarzaitine - In Aménas Airport	In Aménas	28.0515	9.64291
IAN	PAIK	Bob Baker Memorial Airport	Kiana	66.976128	-160.439014
IAO	RPNS	Siargao Airport	Del Carmen	9.8591	126.014
IAR	UUDL	Golden Ring Yaroslavl International Airport	Tunoshna	57.560699	40.157398
IAS	LRIA	Iaşi International Airport	Iaşi	47.179633	27.621431
IBA	DNIB	Ibadan Airport	Ibadan	7.362460136413574	3.97832989692688
IBB	SEII	General Villamil Airport	Puerto Villamil	-0.942628	-90.953003
IBE	SKIB	Perales Airport	Ibagué	4.42161	-75.1333
IBR	RJAH	Ibaraki Airport	Omitama	36.181456	140.414434
IBZ	LEIB	Ibiza Airport	Ibiza (Eivissa)	38.872898	1.37312
ICC	SVIE	Andrés Miguel Salazar Marcano Airport	Isla de Coche	10.794432	-63.98159
ICI	NFCI	Cicia Airport	Cicia	-17.7432994843	-179.341995239
ICN	RKSI	Incheon International Airport	Seoul	37.469101	126.450996
ICT	KICT	Wichita Dwight D. Eisenhower National Airport	Wichita	37.650314	-97.428583
IDA	KIDA	Idaho Falls Regional Airport	Idaho Falls	43.514599	-112.070999
IDR	VAID	Devi Ahilya Bai Holkar International Airport	Indore	22.721404	75.80051
IEG	EPZG	Zielona Góra-Babimost Airport	Nowe Kramsko	52.1385	15.7986
IFJ	BIIS	Ísafjörður Airport	Ísafjörður	66.058098	-23.1353
IFN	OIFM	Isfahan Shahid Beheshti International Airport	Isfahan	32.755142	51.883877
IFO	UKLI	Ivano-Frankivsk International Airport	Ivano-Frankivsk	48.88420104980469	24.686100006103516
IGA	MYIG	Inagua Airport	Matthew Town	20.975	-73.666901
IGD	LTCT	Iğdır Airport	Iğdır	39.976627	43.876648
IGG	PAIG	Igiugig Airport	Igiugig	59.324001	-155.901993
IGR	SARI	Cataratas Del Iguazú International Airport	Puerto Iguazu	-25.737301	-54.4734
IGT	URMS	Magas Airport	Sunzha	43.323268	45.012568
IGU	SBFI	Cataratas International Airport	Foz do Iguaçu	-25.594167	-54.489444
IIA	EIMN	Inishmaan Aerodrome	Inis Meáin	53.092999	-9.56806
IJK	USII	Izhevsk Airport	Izhevsk	56.834524	53.462172
IKA	OIIE	Imam Khomeini International Airport	Tehran	35.416099548339844	51.152198791503906
IKE		Ikerasak Heliport	Ikerasak	70.498145	-51.303084
IKG	UCFK	Karakol International Airport	Karakol	42.508099	78.407799
IKI	RJDB	Iki Airport	Iki	33.7490005493	129.785003662
IKO	PAKO	Nikolski Air Station	Nikolski	52.941552	-168.849478
IKS	UEST	Tiksi Airport	Tiksi	71.697700500488	128.90299987793
IKT	UIII	Irkutsk International Airport	Irkutsk	52.266707	104.395563
IKU	UCFL	Issyk-Kul International Airport	Tamchy	42.585584	76.701181
ILD	LEDA	Lleida-Alguaire Airport	Lleida	41.728185	0.535023
ILF	CZBD	Ilford Airport	Ilford	56.051622	-95.61882
ILG	KILG	Wilmington Airport	Wilmington	39.678699	-75.606499
ILI	PAIL	Iliamna Airport	Iliamna	59.754398	-154.910996
ILM	KILM	Wilmington International Airport	Wilmington	34.272345	-77.905117
ILO	RPVI	Iloilo International Airport	Cabatuan	10.833017	122.493358
ILP	NWWE	Île des Pins Airport	Île des Pins	-22.5889	167.455994
ILQ	SPLO	General Jorge Fernandez Maldon Airport	Ilo	-17.695	-71.344002
ILR	DNIL	General Tunde Idiagbon International Airport	Ilorin/Ogbomosho	8.44021	4.49392
ILS	MSSS	Ilopango International Airport	San Salvador	13.6995	-89.119904
ILY	EGPI	Islay Airport	Isle of Islay, Argyll and Bute	55.682708	-6.257525
IMF	VEIM	Bir Tikendrajit International Airport	Imphal	24.76	93.896698
IMK	VNST	Simikot Airport	Simikot	29.9711	81.818901
IMP	SBIZ	Prefeito Renato Moreira Airport	Imperatriz	-5.53129	-47.459999
IMT	KIMT	Ford Airport	Kingsford	45.81911	-88.114557
INB		Independence Airport	Independence	16.53456	-88.441615
INC	ZLIC	Yinchuan Hedong International Airport	Yinchuan	38.322758	106.393214
IND	KIND	Indianapolis International Airport	Indianapolis	39.7173	-86.294403
INH	FQIN	Inhambane Airport	Inhambane	-23.8764	35.408501
INI	LYNI	Niš Constantine the Great Airport	Niš	43.336538	21.856242
INL	KINL	Falls International Airport	International Falls	48.566200256347656	-93.4030990600586
INN	LOWI	Innsbruck Airport	Innsbruck	47.260201	11.344
INO	FZBA	Inongo Airport	Inongo	-1.94722	18.285801
INQ	EIIR	Inisheer Aerodrome	Inis Oírr	53.064701	-9.5109
INU	ANYN	Nauru International Airport	Yaren	-0.547893	166.919525
INV	EGPE	Inverness Airport	Inverness	57.5425	-4.0475
INZ	DAUI	In Salah Airport	In Salah	27.250999	2.51202
IOA	LGIO	Ioannina King Pyrrhus National Airport	Ioannina	39.6964	20.8225
IOM	EGNS	Isle of Man Airport	Castletown	54.083081	-4.623871
IOQ		Isortoq Heliport	Isortoq	65.547792	-38.976552
IOR	EIIM	Inishmore Aerodrome	Inis Mór	53.1067008972168	-9.653610229492188
IOS	SBIL	Bahia - Jorge Amado Airport	Ilhéus	-14.815929	-39.033458
IOT		Illorsuit Heliport	Illorsuit	71.241944	-53.562877
IPC	SCIP	Mataveri International Airport	Isla De Pascua	-27.165411	-109.421027
IPH	WMKI	Sultan Azlan Shah Airport	Ipoh	4.56733	101.091643
IPI	SKIP	San Luis Airport	Ipiales	0.861946	-77.671783
IPL	KIPL	Imperial County Airport	Imperial	32.83539	-115.574026
IPN	SBIP	Usiminas Airport	Ipatinga	-19.470699	-42.487598
IPT	KIPT	Williamsport Regional Airport	Williamsport	41.242126	-76.92245
IQM	ZWCM	Qiemo Yudu Airport	Qiemo	38.234516	85.465462
IQN	ZLQY	Qingyang Xifeng Airport	Qingyang (Xifeng)	35.802638	107.598896
IQQ	SCDA	Diego Aracena International Airport	Iquique	-20.536273	-70.181373
IQT	SPQT	Coronel FAP Francisco Secada Vignetta International Airport	Iquitos	-3.78474	-73.3088
IRA	AGGK	Ngorangora Airport	Kirakira	-10.449700355500001	161.897994995
IRC	PACR	Circle City (New) Airport	Circle	65.827673	-144.076195
IRG	YLHR	Lockhart River Airport	Lockhart River	-12.7869	143.304993
IRJ	SANL	Capitan V A Almonacid Airport	La Rioja	-29.381599	-66.795799
IRK	KIRK	Kirksville Regional Airport	Kirksville	40.09349822998047	-92.5448989868164
IRP	FZJH	Matari Airport	Isiro	2.82761	27.588301
IRZ	SWTP	Tapuruquara Airport	Santa Isabel do Rio Negro	-0.378604	-64.992558
ISA	YBMA	Mount Isa Airport	Mount Isa	-20.66638	139.488468
ISB	OPIS	Islamabad International Airport	Attock	33.549	72.82566
ISC	EGHE	St. Mary's Airport	St. Mary's, Isles of Scilly	49.913375	-6.291894
ISE	LTFC	Süleyman Demirel International Airport	Isparta	37.8554	30.368401
ISG	ROIG	New Ishigaki Airport	Ishigaki	24.396389	124.245
ISK	VAOZ	Nashik International Airport	Nashik	20.119101	73.912903
ISP	KISP	Long Island MacArthur Airport	Islip	40.796324	-73.101703
IST	LTFM	İstanbul Airport	Istanbul	41.274874	28.732136
ISU	ORSJ	Jalal Talabani International Airport	Sulaymaniyah	35.560487	45.315137
ITB	SBIH	Itaituba Airport	Itaituba	-4.242131	-56.000651
ITH	KITH	Ithaca Tompkins Regional Airport	Ithaca	42.49100112915039	-76.4583969116211
ITM	RJOO	Osaka Itami International Airport	Osaka	34.780853	135.440829
ITO	PHTO	Hilo International Airport	Hilo	19.72135	-155.045428
ITU	UHSI	Iturup Airport	Kurilsk	45.256389	147.95549
IUE	NIUE	Niue International Airport	Alofi	-19.080109	-169.923493
IUI		Innarsuit Heliport	Innarsuit	73.199895	-56.010817
IVC	NZNV	Invercargill Airport	Invercargill	-46.41239929199219	168.31300354003906
IVL	EFIV	Ivalo Airport	Ivalo	68.6073	27.4053
IWA	UUBI	Ivanovo South Airport	Ivanovo	56.93939971923828	40.940799713134766
IWD	KIWD	Gogebic Iron County Airport	Ironwood	46.525298	-90.131578
IWJ	RJOW	Iwami Airport	Masuda	34.676399231	131.789993286
IWK	RJOI	Iwakuni Kintaikyo Airport	Iwakuni	34.146333	132.247238
IXA	VEAT	Agartala - Maharaja Bir Bikram Airport	Agartala	23.886999	91.240402
IXB	VEBD	Bagdogra Airport	Siliguri	26.6812	88.328598
IXC	VICG	Shaheed Bhagat Singh International Airport	Chandigarh	30.6735	76.788498
IXD	VEAB	Prayagraj Airport	Allahabad	25.4401	81.733902
IXE	VOML	Mangaluru International Airport	Mangaluru	12.95471	74.886812
IXG	VOBM	Belagavi Airport	Belgaum	15.8593	74.618301
IXI	VELR	Lilabari North Lakhimpur Airport	Lilabari	27.295682	94.097266
IXJ	VIJU	Jammu Airport	Jammu	32.688849	74.838152
IXK	VAKS	Keshod Airport	Keshod	21.317101	70.270401
IXL	VILH	Leh Kushok Bakula Rimpochee Airport	Leh	34.135899	77.546501
IXM	VOMD	Madurai Airport	Madurai	9.83450984955	78.09339904790001
IXP	VIPK	Pathankot Airport	Pathankot	32.233611	75.634444
IXR	VERC	Birsa Munda Airport	Ranchi	23.314300537100003	85.3217010498
IXS	VEKU	Silchar Airport	Silchar	24.9129009247	92.97869873050001
IXU	VAAU	Aurangabad Airport	Aurangabad	19.862875	75.396312
IXY	VAKE	Kandla Airport	Kandla	23.1127	70.100304
IXZ	VOPB	Veer Savarkar International Airport / INS Utkrosh	Port Blair	11.640194	92.72902
IZA	SBZM	Presidente Itamar Franco Airport	Juiz de Fora	-21.513086	-43.173069
IZO	RJOC	Izumo Enmusubi Airport	Izumo	35.413601	132.889999
IZT	MMIT	General Antonio Cárdenas Rodríguez National Airport / Ixtepec Air Base	Ixtepec	16.445961	-95.093708
JAC	KJAC	Jackson Hole Airport	Jackson	43.6073	-110.737999
JAE	SPJE	Shumba Airport	Jaén	-5.59248	-78.774002
JAF	VCCJ	Jaffna International Airport	Jaffna	9.79233	80.070099
JAI	VIJP	Jaipur International Airport	Jaipur	26.8242	75.812202
JAN	KJAN	Jackson-Medgar Wiley Evers International Airport	Jackson	32.311199	-90.075897
JAU	SPJJ	Francisco Carle Airport	Jauja	-11.7831001282	-75.47339630130001
JAV	BGJN	Ilulissat Airport	Ilulissat	69.243202	-51.057098
JAX	KJAX	Jacksonville International Airport	Jacksonville	30.492469	-81.687813
JBB	WARE	Notohadinegoro Airport	Jember	-8.242494	113.693476
JBK	ZWQT	Qitai Jiangbulake Airport	Qitai	44.166086	89.55014
JBQ	MDJB	La Isabela International Airport	La Isabela	18.572500228881836	-69.98560333251953
JBR	KJBR	Jonesboro Municipal Airport	Jonesboro	35.83169937133789	-90.64640045166016
JCH	BGCH	Qasigiannguit Heliport	Qasigiannguit	68.822816	-51.173447
JCK	YJLC	Julia Creek Airport		-20.66830062866211	141.72300720214844
JCL	LKCS	České Budějovice South Bohemian Airport	České Budějovice	48.948171	14.42832
JCU	GECE	Ceuta Heliport	Ceuta	35.892657	-5.306321
JDF	SBJF	Francisco de Assis Airport	Juiz de Fora	-21.791482	-43.386072
JDH	VIJO	Jodhpur Airport	Jodhpur	26.251100540161133	73.04889678955078
JDO	SBJU	Orlando Bezerra de Menezes Airport	Juazeiro do Norte	-7.21932	-39.269096
JDZ	ZSJD	Jingdezhen Luojia Airport	Jingdezhen	29.3386	117.176003
JED	OEJN	King Abdulaziz International Airport	Jeddah	21.680241	39.157436
JEE	MTJE	Jérémie Airport	Carrefour Sanon	18.663099	-74.170303
JEG	BGAA	Aasiaat Airport	Aasiaat	68.721802	-52.784698
JEJ		Jeh Airport	Ailinglapalap Atoll	7.565350055690001	168.962005615
JER	EGJJ	Jersey Airport	St. Peter	49.207901	-2.19551
JFK	KJFK	John F. Kennedy International Airport	New York	40.639447	-73.779317
JFR	BGPT	Paamiut Airport	Paamiut	62.014736	-49.670937
JGA	VAJM	Jamnagar Airport	Jamnagar	22.465499877929688	70.01260375976562
JGB	VEJR	Jagdalpur Airport	Jagdalpur	19.074301	82.036797
JGD	ZYJD	Daxing'anling Elunchun Airport	Jiagedaqi	50.371389	124.1175
JGN	ZLJQ	Jiayuguan International Airport	Jiayuguan	39.859052	98.339344
JGO		Qeqertarsuaq Heliport	Qeqertarsuaq	69.251182	-53.514876
JGR		Kangilinnguit Heliport	Kangilinnguit	61.22896	-48.09698
JGS	ZSGS	Jinggangshan Airport	Ji'an	26.856899	114.737
JHB	WMKJ	Senai International Airport	Johor Bahru	1.64131	103.669998
JHG	ZPJH	Xishuangbanna Gasa International Airport	Jinghong (Gasa)	21.974648	100.762224
JHM	PHJH	Kapalua Airport	Lahaina	20.9629	-156.673004
JHS	BGSS	Sisimiut Airport	Sisimiut	66.951302	-53.729301
JIB	HDAM	Djibouti-Ambouli Airport	Djibouti City	11.5473	43.1595
JIC	ZLJC	Jinchang Jinchuan Airport	Jinchang	38.542222	102.348333
JIJ	HAJJ	Gerad Wilwal International Airport	Jijiga	9.331907	42.911811
JIK	LGIK	Ikaria Airport	Ikaria Island	37.6827011108	26.3470993042
JIM	HAJM	Jimma Airport	Jimma	7.66609001159668	36.81660079956055
JIO	WAPM	Jos Orno Imsula Airport	Tiakur	-8.140683	127.909669
JIQ	ZUQJ	Qianjiang Wulingshan Airport	Qianjiang	29.5133333333	108.831111111
JIU	ZSJJ	Jiujiang Lushan Airport	Jiujiang	29.476944	115.801111
JJD	SBJE	Comandante Ariston Pessoa Airport	Cruz	-2.906425	-40.357338
JJG	SBJA	Humberto Ghizzo Bortoluzzi Regional Airport	Jaguaruna	-28.6753	-49.0596
JJM	HKMK	Mulika Lodge Airport	Meru-Kinna	0.165083	38.195141
JJN	ZSQZ	Quanzhou Jinjiang International Airport	Quanzhou	24.795855	118.588599
JJU	BGQO	Qaqortoq Airport	Qaqortoq	60.76383	-46.065001
JKG	ESGJ	Jönköping Airport	Jönköping	57.757598876953125	14.068699836730957
JKH	LGHI	Chios Island National Airport	Chios Island	38.34320068359375	26.140600204467773
JKL	LGKY	Kalymnos Airport	Kalymnos Island	36.9632987976	26.9405994415
JKR	VNJP	Janakpur Airport	Janakpur	26.708799	85.922401
JLG	VAJL	Jalgaon Airport	Jalgaon	20.962678	75.627492
JLN	KJLN	Joplin Regional Airport	Joplin	37.151798	-94.498299
JLR	VAJB	Jabalpur Airport	Jabalpur	23.177799	80.052002
JMJ	ZPJM	Lancang Jingmai Airport	Pu'er (Lancang)	22.417733	99.784012
JMK	LGMK	Mykonos Island National Airport	Mykonos	37.435101	25.348101
JMO	VNJS	Jomsom Airport	Jomsom	28.780426	83.723
JMS	KJMS	Jamestown Regional Airport	Jamestown	46.92969894	-98.67819977
JMU	ZYJM	Jiamusi Songjiang International Airport	Jiamusi	46.842793	130.46426
JNB	FAOR	O.R. Tambo International Airport	Johannesburg	-26.140081	28.246801
JNG	ZSJG	Jining Da'an Airport	Jining	35.647358	116.743269
JNH	ZSJX	Jiaxing Nanhu Airport	Xiuzhou, Hangzhou	30.698056	120.663056
JNN		Nanortalik Heliport	Nanortalik	60.141884	-45.232977
JNS		Narsaq Heliport	Narsaq	60.917283	-46.059923
JNU	PAJN	Juneau International Airport	Juneau	58.354935	-134.574416
JNX	LGNX	Naxos Island National Airport	Naxos	37.0811	25.368099
JNZ	ZYJZ	Jinzhou Bay Airport	Jinzhou (Linghai)	40.936032	121.277114
JOE	EFJO	Joensuu Airport	Joensuu	62.658815	29.619398
JOG	WAHH	Adisutjipto International Airport	Yogyakarta	-7.78818	110.431999
JOI	SBJV	Lauro Carneiro de Loyola Airport	Joinville	-26.224501	-48.797401
JOL	RPMJ	Jolo Airport	Jolo	6.05367	121.011002
JOS	DNJO	Yakubu Gowon Airport	Jos	9.639829635620117	8.869050025939941
JPA	SBJP	Presidente Castro Pinto International Airport	João Pessoa	-7.148691	-34.950554
JPE		Nagib Demachki Airport	Paragominas	-3.019798	-47.316474
JPR		Ji-Paraná Airport	Ji-Paraná	-10.870743	-61.846675
JPY		Paraty Airport	Paraty	-23.224044	-44.7234
JQA	BGUQ	Qaarsut Airport	Uummannaq	70.7342	-52.696201
JRA		West 30th Street Heliport	New York	40.755107	-74.006896
JRG	VEJH	Jharsuguda Airport		21.9135	84.0504
JRH	VEJT	Jorhat Airport	Jorhat	26.730456	94.175416
JRO	HTKJ	Kilimanjaro International Airport	Arusha	-3.427049	37.07353
JSA	VIJR	Jaisalmer Airport		26.8887	70.864998
JSH	LGST	Sitia Airport	Crete Island	35.21609878540039	26.101299285888672
JSI	LGSK	Skiathos Island National Airport	Skiathos	39.177101	23.5037
JSJ	ZYJS	Jiansanjiang Shidi Airport	Jiansanjiang	47.108248	132.65792
JSK	OIZJ	Jask Airport	Bandar-e-Jask	25.654757	57.801718
JSO		Dr. Luciano de Arruda Coelho Regional Airport	Sobral	-3.614488	-40.231426
JSR	VGJR	Jessore Airport	Jashore (Jessore)	23.1838	89.160797
JST	KJST	John Murtha Johnstown Cambria County Airport	Johnstown	40.31610107421875	-78.83390045166016
JSU	BGMQ	Maniitsoq Airport	Maniitsoq	65.412498	-52.9394
JSY	LGSO	Syros Airport	Syros Island	37.4227981567	24.950899124099998
JTC	SBAE	Bauru/Arealva–Moussa Nakhal Tobias State Airport	Bauru	-22.160755	-49.070325
JTR	LGSR	Santorini International Airport	Santorini Island	36.400045	25.478638
JTY	LGPL	Astypalaia Airport	Astypalaia Island	36.5798988342	26.3757991791
JUB	HJJJ	Juba International Airport	Juba	4.87201	31.601101
JUH	ZSJH	Chizhou Jiuhuashan Airport	Chizhou	30.7403	117.6856
JUI	EDWJ	Juist Airport	Juist	53.681421	7.056398
JUJ	SASJ	Gobernador Horacio Guzman International Airport	San Salvador de Jujuy	-24.392799	-65.097801
JUK	BGUT	Ukkusissat Heliport	Ukkusissat	71.049438	-51.890016
JUL	SPJL	Inca Manco Capac International Airport	Juliaca	-15.467689	-70.15653
JUM	VNJL	Jumla Airport	Jumla	29.2742	82.193298
JUU		Nuugaatsiaq Heliport	Nuugaatsiaq	71.538769	-53.205038
JUV	BGUK	Upernavik Airport	Upernavik	72.790199	-56.1306
JUZ	ZSJU	Quzhou Airport	Quzhou (Kezheng)	28.96613	118.898793
JXA	ZYJX	Jixi Xingkaihu Airport	Jixi	45.293	131.193
JYV	EFJY	Jyväskylä Airport	Jyväskylän Maalaiskunta	62.399502	25.678301
JZH	ZUJZ	Jiuzhai Huanglong Airport	Ngawa (Songpan)	32.853333	103.682222
KAA	FLKS	Kasama Airport	Kasama	-10.210169	31.123045
KAB	FVKB	Kariba Airport	Kariba	-16.5198	28.885
KAC	OSKL	Qamishli International Airport	Qamishli	37.020599	41.191399
KAD	DNKA	Kaduna International Airport	Kaduna	10.696	7.32011
KAE		Kake Seaplane Base	Kake	56.973	-133.945999
KAI	SYKA	Kaieteur Airport	Kaieteur Falls	5.177349	-59.48898
KAJ	EFKI	Kajaani Airport	Kajaani	64.2855	27.6924
KAL	PAKV	Kaltag Airport	Kaltag	64.31864	-158.74197
KAN	DNKN	Mallam Aminu Kano International Airport	Kano	12.045613	8.523566
KAO	EFKS	Kuusamo Airport	Kuusamo	65.987602	29.239401
KAT	NZKT	Kaitaia Airport	Awanui	-35.069837	173.287053
KAW	VYKT	Kawthoung Airport	Kawthoung	10.049300193786621	98.53800201416016
KAX	YKBR	Kalbarri Airport	Kalbarri	-27.692813	114.259169
KBC		Birch Creek Airport	Birch Creek	66.2740020752	-145.824005127
KBL	OAKB	Kabul International Airport	Kabul	34.565899	69.212303
KBR	WMKC	Sultan Ismail Petra Airport	Kota Baharu	6.1668500900268555	102.29299926757812
KBU	WAOK	Gusti Syamsir Alam Airport	Stagen	-3.294796	116.163815
KBV	VTSG	Krabi International Airport	Krabi	8.095591	98.988955
KCA	ZWKC	Kuqa Qiuci Airport	Kuqa	41.677856	82.872917
KCC	PAKC	Coffman Cove Seaplane Base	Coffman Cove	56.012586	-132.835093
KCG		Chignik Airport	Chignik	56.311501	-158.373001
KCH	WBGG	Kuching International Airport	Kuching	1.487364	110.352859
KCM	LTCN	Kahramanmaraş Airport	Kahramanmaraş	37.5388259888	36.9535217285
KCQ		Chignik Lake Airport	Chignik Lake	56.255001	-158.774994
KCT	VCCK	Koggala Airport	Galle	5.993680000305176	80.32029724121094
KCY		Krasnoyarsk Cheremshanka Airport	Krasnoyarsk	56.177584	92.545881
KCZ	RJOK	Kochi Ryoma Airport	Nankoku	33.545217	133.670166
KDD	OPKH	Khuzdar Airport	Khuzdar	27.790599823	66.6473007202
KDH	OAKN	Ahmad Shah Baba International Airport	Kandahar	31.505769	65.847963
KDI	WAWW	Haluoleo Airport	Kendari	-4.08161	122.417999
KDL	EEKA	Kärdla Airport	Kärdla	58.99079895019531	22.830699920654297
KDM	VRMT	Kaadedhdhoo Airport	Huvadhu Atoll	0.488131	72.996902
KDO	VRMK	Kadhdhoo Airport	Kadhdhoo	1.8591699600219727	73.52189636230469
KDU	OPSD	Skardu International Airport	Skardu	35.33866	75.538648
KDV	NFKD	Vunisea Airport	Vunisea	-19.058099746699998	178.156997681
KDZ		Polgolla Reservoir Seaplane Base	Kandy	7.3251	80.6422
KEB		Nanwalek Airport	Nanwalek	59.3521	-151.925003
KEF	BIKF	Keflavik International Airport	Reykjavík	63.985001	-22.6056
KEH		Kenmore Air Harbor LLC Seaplane Base	Kenmore	47.754799	-122.259003
KEJ	UNEE	Alexei Leonov Kemerovo International Airport	Kemerovo	55.2701	86.107201
KEM	EFKE	Kemi-Tornio Airport	Kemi / Tornio	65.778701782227	24.582099914551
KEP	VNNG	Nepalgunj Airport	Nepalgunj	28.1036	81.667
KER	OIKK	Ayatollah Hashemi Rafsanjani International Airport	Kerman	30.271276	56.949692
KET	VYKG	Kengtung Airport	Kengtung	21.301599502563477	99.63600158691406
KEW		Keewaywin Airport	Keewaywin	52.9911	-92.836403
KFG	YKKG	Kalkgurung Airport		-17.431900024414062	130.80799865722656
KFP	PAKF	False Pass Airport	False Pass	54.84751	-163.407168
KGA	FZUA	Kananga Airport	Kananga	-5.90005	22.4692
KGC	YKSC	Kingscote Airport		-35.71390151977539	137.52099609375
KGD	UMKK	Khrabrovo Airport	Kaliningrad	54.89161	20.598559
KGE	AGKG	Kaghau Airport	Kagau Island	-7.3305	157.585
KGF	UAKK	Sary-Arka Airport	Karaganda	49.670799	73.334396
KGI	YPKG	Kalgoorlie Boulder Airport	Broadwood	-30.791543	121.464586
KGK	PAJZ	Koliganek Airport	Koliganek	59.726600647	-157.259002686
KGL	HRYR	Kigali International Airport	Kigali	-1.96863	30.1395
KGP	USRK	Kogalym International Airport	Kogalym	62.190399169921875	74.53379821777344
KGQ		Kangersuatsiaq Heliport	Kangersuatsiaq	72.381092	-55.536586
KGS	LGKO	Kos International Airport "Ippokratis"	Kos Island	36.794523	27.09115
KGT	ZUKD	Kangding Airport	Garzê (Kangding)	30.142464	101.73872
KGX		Grayling Airport	Grayling	62.895187	-160.066289
KHD	OICK	Khoram Abad Airport		33.43539810180664	48.282901763916016
KHE	UKOH	Kherson International Airport	Kherson	46.6758	32.506401
KHG	ZWSH	Kashgar Laining International Airport	Kashgar	39.542273	76.02023
KHH	RCKH	Kaohsiung International Airport	Kaohsiung (Xiaogang)	22.577101	120.349998
KHI	OPKC	Jinnah International Airport	Karachi	24.9065	67.160797
KHK	OIBQ	Khark Airport	Khark	29.260503	50.322193
KHM	VYKI	Kanti Airport	Kanti	25.9883	95.6744
KHN	ZSCN	Nanchang Changbei International Airport	Nanchang	28.864815	115.90271
KHS	OOKB	Khasab Airport	Khasab	26.171	56.240601
KHT	OAKS	Khost International Airport	Khost	33.284605	69.80734
KHV	UHHH	Khabarovsk Novy Airport	Khabarovsk	48.528338	135.188588
KHX		Savannah Airstrip	Kihihi	-0.7165	29.6997
KHZ	NTKA	Kauehi Airport	Kauehi	-15.780622	-145.128443
KIE	AYIQ	Aropa Airport	Kieta	-6.305727	155.728249
KIF		Kingfisher Lake Airport	Kingfisher Lake	53.01250076293945	-89.85530090332031
KIH	OIBK	Kish International Airport	Kish Island	26.525427	53.980462
KIJ	RJSN	Niigata Airport	Niigata	37.954166	139.112189
KIK	ORKK	Kirkuk International Airport	Kirkuk	35.469501	44.3489
KIM	FAKM	Kimberley Airport	Kimberley	-28.805401	24.764872
KIN	MKJP	Norman Manley International Airport	Kingston	17.935699462890625	-76.7874984741211
KIO		Kili Airport	Kili Island	5.64386	169.124586
KIR	EIKY	Kerry Airport	Farranfore	52.180901	-9.52378
KIS	HKKI	Kisumu International Airport	Kisumu	-0.086139	34.728901
KIT	LGKC	Kithira Airport	Kithira Island	36.273978	23.016719
KIX	RJBB	Kansai International Airport	Osaka	34.427299	135.244003
KJA	UNKL	Krasnoyarsk International Airport	Krasnoyarsk	56.175743	92.485788
KJB	VOKU	Kurnool Airport	Orvakal	15.716288	78.16923
KJH	ZUKJ	Kaili Huangping Airport	Kaili  (Huangping)	26.972	107.988
KJI	ZWKN	Burqin Kanas Airport	Burqin	48.2223	86.9959
KJT	WICA	Kertajati International Airport	Kertajati	-6.647384	108.165561
KKA	PAKK	Koyuk Alfred Adams Airport	Koyuk	64.939499	-161.154007
KKB		Kitoi Bay Seaplane Base	Kitoi Bay	58.190899	-152.369995
KKC	VTUK	Khon Kaen Airport	Khon Kaen	16.466600418099997	102.783996582
KKE	NZKK	Kerikeri Airport	Kerikeri	-35.259148	173.913317
KKH	PADY	Kongiganak Airport	Kongiganak	59.9608	-162.880997
KKI		Akiachak Airport	Akiachak	60.913809	-161.493329
KKJ	RJFR	Kitakyushu Airport	Kitakyushu	33.845901	131.035004
KKN	ENKR	Kirkenes Airport, Høybuktmoen	Kirkenes	69.7258	29.8913
KKR	NTGK	Kaukura Airport	Raitahiti	-15.6633	-146.884995
KKS	OIFK	Kashan Airport	Kashan	33.895302	51.577
KKW	FZCA	Kikwit Airport	Kikwit	-5.03577	18.785601
KKX	RJKI	Kikai Airport	Kikai	28.321300506599997	129.927993774
KLG	PALG	Kalskag Airport	Kalskag	61.53630065917969	-160.34100341796875
KLH	VAKP	Kolhapur Airport	Kolhapur	16.6647	74.289398
KLN	PALB	Larsen Bay Airport	Larsen Bay	57.53516	-153.976455
KLO	RPVK	Kalibo International Airport	Kalibo	11.6794	122.375999
KLP	WAGF	Seruyan Kuala Pembuang Airport	Seruyan	-3.376062	112.536521
KLR	ESMQ	Kalmar Airport	Kalmar	56.685501	16.2876
KLU	LOWK	Klagenfurt Airport	Klagenfurt am Wörthersee	46.642502	14.3377
KLV	LKKV	Karlovy Vary Airport	Karlovy Vary	50.202999	12.915
KLW	PAKW	Klawock Airport	Klawock	55.579201	-133.076004
KLX	LGKL	Kalamata Airport	Kalamata	37.06829833984375	22.02549934387207
KMA	AYKM	Kerema Airport	Kerema	-7.96361017227	145.770996094
KMC	OEKK	King Khaled Military City Airport	King Khaled Military City	27.9009	45.528198
KME	HRZA	Kamembe Airport	Kamembe	-2.462239980697632	28.907899856567383
KMG	ZPPP	Kunming Changshui International Airport	Kunming	25.110313	102.936743
KMI	RJFM	Miyazaki Airport	Miyazaki	31.877199	131.449005
KMJ	RJFT	Kumamoto Airport	Kumamoto	32.837299	130.854996
KMN	FZSB	Kamina City Airport	Kamina	-8.728878	24.991407
KMO	PAMB	Manokotak Airport	Manokotak	58.932056	-158.901886
KMQ	RJNK	Komatsu Airport / JASDF Komatsu Air Base	Kanazawa	36.393407	136.406895
KMS	DGSI	Prempeh I International Airport	Kumasi	6.71456	-1.59082
KMW	UUBA	Kostroma Sokerkino Airport	Kostroma	57.796902	41.019402
KMY		Moser Bay Seaplane Base	Moser Bay	57.0256	-154.145996
KND	FZOA	Kindu Airport	Kindu	-2.91917991638	25.915399551399997
KNG	WASK	Utarom Airport	Kaimana	-3.6446	133.695116
KNH	RCBS	Kinmen Airport	Shang-I	24.4279	118.359001
KNK	PFKK	Kokhanok Airport	Kokhanok	59.433248	-154.80217
KNO	WIMM	Kualanamu International Airport	Beringin	3.637847	98.870566
KNQ	NWWD	Koné Airport	Koné	-21.053551	164.838768
KNS	YKII	King Island Airport		-39.877498626708984	143.8780059814453
KNU		Kanpur Airport	Kanpur	26.404301	80.410103
KNW	PANW	New Stuyahok Airport	New Stuyahok	59.451838	-157.373829
KNX	YPKU	East Kimberley Regional (Kununurra) Airport	Kununurra	-15.7781	128.707993
KOA	PHKO	Ellison Onizuka Kona International Airport at Keāhole	Kailua-Kona	19.738783	-156.045603
KOC	NWWK	Koumac Airport	Koumac	-20.546323	164.255648
KOE	WATT	El Tari Airport	Kupang	-10.1716	123.670998
KOI	EGPA	Kirkwall Airport	Kirkwall, Orkney Islands	58.957903	-2.905077
KOJ	RJFK	Kagoshima Airport	Kagoshima	31.8034	130.718994
KOK	EFKK	Kokkola-Pietarsaari Airport	Kokkola / Kruunupyy	63.721199	23.143101
KOP	VTUW	Nakhon Phanom Airport	Nakhon Phanom	17.383801	104.642998
KOS	VDSV	Sihanouk International Airport	Preah Sihanouk	10.570557	103.632067
KOT	PFKO	Kotlik Airport	Kotlik	63.030602	-163.533005
KOV	UACK	Kokshetau International Airport	Kokshetau	53.329102	69.594597
KOW	ZSGZ	Ganzhou Huangjin Airport	Ganzhou	25.853333	114.778889
KOY		Olga Bay Seaplane Base	Olga Bay	57.161499	-154.229996
KOZ		Ouzinkie Airport	Ouzinkie	57.942094	-152.464314
KPB		Point Baker Seaplane Base	Point Baker	56.351898	-133.623001
KPN	PAKI	Kipnuk Airport	Kipnuk	59.931796	-164.028196
KPO	RKTH	Pohang Airport (G-815/K-3)	Pohang	35.987955	129.420383
KPR		Port Williams Seaplane Base	Port Williams	58.490101	-152.582001
KPV	PAPE	Perryville Airport	Perryville	55.9065	-159.16091
KPW	UHMK	Keperveem Airport	Keperveem	67.845001	166.139999
KPY		Port Bailey Seaplane Base	Port Bailey	57.931257	-153.040838
KQA		Akutan Airport	Akutan	54.14459	-165.604332
KQH	VIKG	Kishangarh Airport Ajmer	Ajmer (Kishangarh)	26.591007	74.812956
KQR	YKAR	Karara Airport	Karara	-29.217223	116.687154
KQT	UTDT	Bokhtar International Airport	Bokhtar	37.866315	68.864475
KRB	YKMB	Karumba Airport		-17.45669937133789	140.8300018310547
KRC		Departi Parbo Airport	Sungai Penuh	-2.094042	101.47025
KRE	HBBO	Kirundo Airport	Kirundo	-2.544772	30.094575
KRF	ESNK	Kramfors-Sollefteå Höga Kusten Airport	Nyland	63.048599	17.7689
KRI	AYKK	Kikori Airport	Kikori	-7.42438	144.250076
KRK	EPKK	Kraków John Paul II International Airport	Balice	50.077702	19.7848
KRL	ZWKL	Korla Licheng Airport	Korla	41.614979	86.140817
KRN	ESNQ	Kiruna Airport	Kiruna	67.821999	20.3368
KRO	USUU	Kurgan Airport	Kurgan	55.4753	65.415604
KRP	EKKA	Midtjyllands Airport / Air Base Karup	Karup	56.297139	9.104311
KRR	URKK	Krasnodar Pashkovsky International Airport	Krasnodar	45.034465	39.174215
KRS	ENCN	Kristiansand Airport	Kristiansand(Kjevik)	58.204201	8.08537
KRT	HSSK	Khartoum International Airport	Khartoum	15.5895	32.5532
KRW	UTAK	Turkmenbaşy International Airport	Turkmenbaşy	40.062833	53.005085
KRY	ZWKM	Karamay Airport	Karamay	45.46655	84.9527
KSA	PTSA	Kosrae International Airport	Okat	5.35698	162.957993
KSC	LZKZ	Košice International Airport	Košice	48.663101	21.2411
KSD	ESOK	Karlstad Airport	Karlstad	59.444698	13.3374
KSF	EDVK	Kassel Airport	Calden	51.418395	9.391638
KSH	OICC	Shahid Ashrafi Esfahani Airport	Kermanshah	34.3459014893	47.1581001282
KSJ	LGKS	Kasos Airport	Kasos Island	35.4213981628	26.909999847399998
KSL	HSKA	Kassala Airport	Kassala	15.387499809265137	36.328800201416016
KSM	PASM	St Mary's Airport	St Mary's	62.060501	-163.302002
KSN	UAUU	Kostanay International Airport	Kostanay	53.206902	63.550301
KSO	LGKA	Kastoria National Airport Aristotle	Argos Orestiko	40.446301	21.2822
KSQ	UZSK	Karshi Airport	Karshi	38.802246	65.773068
KSR	WAWH	Selayar - Haji Aroeppala Airport	Benteng	-6.17921	120.437479
KSU	ENKB	Kristiansund Airport, Kvernberget	Kvernberget	63.111801	7.82452
KSY	LTCF	Kars Airport	Kars	40.562198638916016	43.1150016784668
KSZ	ULKK	Kotlas Airport	Kotlas	61.235801696777344	46.6974983215332
KTA	YPKA	Karratha Airport	Karratha	-20.712200164799995	116.773002625
KTB		Thorne Bay Seaplane Base	Thorne Bay	55.682762	-132.532883
KTD	RORK	Kitadaito Airport	Kitadaitōjima	25.9447002411	131.32699585
KTG	WIOK	Rahadi Osman Airport	Ketapang	-1.817165	109.963469
KTI	VDTI	Techo International Airport	Phnom Penh (Boeng Khyang)	11.359987	104.921272
KTM	VNKT	Tribhuvan International Airport	Kathmandu	27.6966	85.3591
KTN	PAKT	Ketchikan International Airport	Ketchikan	55.35559845	-131.7140045
KTP	MKTP	Tinson Pen Airport	Tinson Pen	17.98859977722168	-76.82379913330078
KTS	PFKT	Brevig Mission Airport	Brevig Mission	65.331826	-166.467848
KTT	EFKT	Kittilä International Airport	Kittilä	67.700996	24.8468
KTW	EPKT	Katowice Wojciech Korfanty International Airport	Katowice	50.476015	19.080705
KUA	WMKD	Kuantan Airport	Kuantan	3.7753899097442627	103.20899963378906
KUD	WBKT	Kudat Airport	Kudat	6.924111	116.837068
KUF	UWWW	Kurumoch International Airport	Samara	53.504902	50.164299
KUG	YKUB	Kubin Island Airport	Kubin Island	-10.22648	142.219619
KUH	RJCK	Kushiro Airport	Kushiro	43.041	144.192993
KUK	PFKA	Kasigluk Airport	Kasigluk	60.872747	-162.5247
KUL	WMKK	Kuala Lumpur International Airport	Sepang	2.74558	101.709999
KUM	RJFC	Yakushima Airport	Yakushima	30.385599	130.658997
KUN	EYKA	Kaunas International Airport	Kaunas	54.963965	24.08582
KUO	EFKU	Kuopio Airport	Kuopio / Siilinjärvi	63.007099	27.7978
KUS	BGKK	Kulusuk Airport	Kulusuk	65.573601	-37.1236
KUT	UGKO	David the Builder Kutaisi International Airport	Kopitnari	42.177448	42.485353
KUU	VIBR	Kullu Manali Airport	Bhuntar	31.876699	77.154404
KUV	RKJK	Gunsan Airport / Gunsan Air Base	Gunsan	35.903801	126.615997
KUZ		Kuummiut Heliport	Kuummiut	65.863935	-36.997919
KVA	LGKV	Kavala Alexander the Great International Airport	Kavala	40.9133	24.6192
KVC	PAVC	King Cove Airport	King Cove	55.116299	-162.266006
KVG	AYKV	Kavieng Airport	Kavieng	-2.57940006256	150.807998657
KVL	PAVL	Kivalina Airport	Kivalina	67.734565	-164.559917
KVM	UHMO	Markovo Airport	Markovo	64.665446	170.417626
KVO	LYKV	Morava Airport	Kraljevo	43.817519	20.586662
KVX	USKK	Pobedilovo Airport	Kirov	58.503883	49.347831
KWA	PKWA	Bucholz Army Air Field	Kwajalein	8.720120429992676	167.73199462890625
KWB	WAHU	Dewadaru Airport	Karimunjawa	-5.80091	110.47838
KWE	ZUGY	Guiyang Longdongbao International Airport	Guiyang (Nanming)	26.541805	106.80402
KWG	UKDR	Kryvyi Rih International Airport	Kryvyi Rih	48.04330062866211	33.209999084472656
KWI	OKKK	Kuwait International Airport	Kuwait City	29.224487	47.969813
KWJ	RKJJ	Gwangju Airport	Gwangju	35.123173	126.805444
KWK	PAGG	Kwigillingok Airport	Kwigillingok	59.876499	-163.169005
KWL	ZGKL	Guilin Liangjiang International Airport	Guilin (Lingui)	25.219828	110.039553
KWM	YKOW	Kowanyama Airport	Kowanyama	-15.485369	141.752572
KWN	PAQH	Quinhagak Airport	Quinhagak	59.7551	-161.845
KWP		West Point Village Seaplane Base	West Point	57.770099639899996	-153.548995972
KWT	PFKW	Kwethluk Airport	Kwethluk	60.790298	-161.444
KWZ	FZQM	Kolwezi Airport	Kolwezi	-10.7659	25.505699
KXA		Kasaan Seaplane Base	Kasaan	55.537399	-132.397995
KXB	WAWP	Sangia Nibandera Airport	Kolaka	-4.338158	121.524047
KXF	NFNO	Koro Island Airport	Koro Island	-17.3458003998	179.42199707
KXK	UHKK	Komsomolsk-on-Amur Airport	Komsomolsk-on-Amur	50.409000396728516	136.9340057373047
KXO	HUKI	Kisoro Airport	Kisoro	-1.2837	29.7197
KYA	LTAN	Konya Airport	Konya	37.979	32.561901
KYD	RCLY	Lanyu Airport	Orchid Island	22.027000427246094	121.53500366210938
KYK	PAKY	Karluk Airport	Karluk	57.565919	-154.453762
KYP	VYKP	Kyaukpyu Airport	Kyaukpyu	19.42639923095703	93.53479766845703
KYS	GAKD	Kayes Dag Dag Airport	Kayes	14.482521	-11.399335
KYU	PFKU	Koyukuk Airport	Koyukuk	64.876099	-157.727005
KYZ	UNKY	Kyzyl Airport	Kyzyl	51.669399	94.400597
KZB		Zachar Bay Seaplane Base	Zachar Bay	57.553001	-153.746052
KZI	LGKZ	Kozani National Airport Filippos	Kozani	40.286098	21.840799
KZN	UWKD	Kazan International Airport	Kazan	55.606201	49.278702
KZO	UAOO	Korkyt Ata International Airport	Kyzylorda	44.706902	65.592499
KZR	LTBZ	Zafer Airport	Altıntaş	39.111107	30.130405
KZS	LGKJ	Kastelorizo Airport	Kastelorizo Island	36.141701	29.576401
LAD	FNLU	Quatro de Fevereiro International Airport	Luanda	-8.85837	13.2312
LAE	AYNZ	Nadzab Tomodachi International Airport	Lae	-6.567995	146.726544
LAF	KLAF	Purdue University Airport	West Lafayette	40.412875	-86.939363
LAJ	SBLJ	Lages Airport	Lages	-27.782101	-50.281502
LAK	CYKD	Aklavik/Freddie Carmichael Airport	Aklavik	68.223297	-135.00599
LAL	KLAL	Lakeland Linder International Airport	Lakeland	27.989267	-82.020715
LAN	KLAN	Capital Region International Airport	Lansing	42.777582	-84.585721
LAO	RPLI	Laoag International Airport	Laoag City	18.175089	120.531006
LAP	MMLP	Manuel Márquez de León International Airport	La Paz	24.072331	-110.362662
LAQ	HLLQ	Al Abraq International Airport	Al Albraq	32.789036	21.954864
LAR	KLAR	Laramie Regional Airport	Laramie	41.31209945678711	-105.67500305175781
LAS	KLAS	Harry Reid International Airport	Las Vegas	36.083361	-115.151817
LAU	HKLU	Manda Airport	Lamu	-2.252431	40.912892
LAW	KLAW	Lawton Fort Sill Regional Airport	Lawton	34.567699	-98.416603
LAX	KLAX	Los Angeles International Airport	Los Angeles	33.942501	-118.407997
LBA	EGNM	Leeds Bradford Airport	Leeds, West Yorkshire	53.865898	-1.66057
LBB	KLBB	Lubbock Preston Smith International Airport	Lubbock	33.663601	-101.822998
LBC	EDHL	Lübeck Blankensee Airport	Lübeck	53.805401	10.7192
LBD	UTDL	Khujand International Airport	Khujand	40.215401	69.694702
LBE	KLBE	Arnold Palmer Regional Airport	Latrobe	40.275902	-79.4048
LBF	KLBF	North Platte Regional Airport Lee Bird Field	North Platte	41.12620163	-100.6839981
LBG	LFPB	Paris-Le Bourget International Airport	Paris	48.962276	2.436539
LBH		Palm Beach Seaplane Base	Sydney	-33.5871	151.3234
LBJ	WATO	Komodo Airport	Labuan Bajo, Manggarai Barat	-8.480694	119.888306
LBL	KLBL	Liberal Mid-America Regional Airport	Liberal	37.0442009	-100.9599991
LBP		Long Banga Airport	Long Banga	3.202138	115.401811
LBR	SWLB	Lábrea Airport	Lábrea	-7.27897	-64.769501
LBS	NFNL	Labasa Airport	Labasa	-16.4667	179.339996
LBU	WBKL	Labuan Airport	Labuan	5.301667	115.248333
LBV	FOOL	Libreville Leon M'ba International Airport	Libreville	0.458951	9.41214
LBW	WAQJ	Yuvai Semaring Airport	Long Bawan	3.900495	115.690089
LCA	LCLK	Larnaca International Airport	Larnaca	34.875099	33.624901
LCB		André Antônio Maggi Airport	Pontes e Lacerda	-15.1934	-59.3848
LCE	MHLC	Golosón International Airport	La Ceiba	15.7425	-86.852997
LCG	LECO	A Coruña Airport	Culleredo	43.302101	-8.37726
LCH	KLCH	Lake Charles Regional Airport	Lake Charles	30.126100540161133	-93.22329711914062
LCJ	EPLL	Łódź Władysław Reymont Airport	Łódź	51.721901	19.3981
LCK	KLCK	Rickenbacker International Airport	Columbus	39.813801	-82.927803
LCR		Virgilio Barco Vargas (La Chorrera) Airport	La Chorrera	-1.456361	-72.801086
LCX	ZSLO	Liancheng Guanzhishan Airport	Longyan (Liancheng)	25.67592	116.745907
LCY	EGLC	London City Airport	London	51.505299	0.055278
LDB	SBLO	Governor José Richa Airport	Londrina	-23.334375	-51.128365
LDE	LFBT	Tarbes-Lourdes-Pyrénées Airport	Tarbes/Lourdes/Pyrénées	43.178699	-0.006439
LDG	ULAL	Leshukonskoye Airport	Leshukonskoye	64.896004	45.723
LDH	YLHI	Lord Howe Island Airport	Lord Howe Island	-31.538204	159.07546
LDS	ZYLD	Yichun Lindu Airport	Yichun	47.752056	129.019125
LDU	WBKD	Lahad Datu Airport	Lahad Datu	5.03241	118.32376
LDX	SOOM	Saint-Laurent-du-Maroni Airport	Saint-Laurent-du-Maroni	5.481891	-54.034964
LDY	EGAE	City of Derry Airport	Derry, Derry and Strabane	55.042801	-7.16111
LEA	YPLM	Learmonth Airport	Exmouth	-22.235201	114.090024
LEB	KLEB	Lebanon Municipal Airport	Lebanon	43.626098632799994	-72.30419921880001
LEC	SBLE	Coronel Horácio de Mattos Airport	Lençóis	-12.4823	-41.277
LED	ULLI	Pulkovo Airport	St. Petersburg	59.800301	30.262501
LEI	LEAM	Almería Airport	Almería	36.843899	-2.3701
LEJ	EDDP	Leipzig/Halle Airport	Schkeuditz	51.420657	12.232705
LEL	YLEV	Lake Evella Airport		-12.498900413513184	135.80599975585938
LEN	LELN	León Airport	La Virgen del Camino	42.590709	-5.653406
LEQ	EGHC	Land's End Airport	Land's End, Cornwall	50.102798	-5.67056
LER	YLST	Leinster Airport		-27.843299865722656	120.7030029296875
LET	SKLT	Alfredo Vásquez Cobo International Airport	Leticia	-4.191147	-69.942003
LEU	LESU	Pirineus - la Seu d'Urgel Airport	La Seu d'Urgell Pyrenees and Andorra	42.3386	1.40917
LEV	NFNB	Levuka Airfield	Bureta	-17.7110996246	178.759002686
LEX	KLEX	Blue Grass Airport	Lexington	38.035066	-84.606738
LFM	OISR	Lamerd Airport	Lamerd	27.3727	53.188801
LFQ	ZBLF	Linfen Yaodu Airport	Linfen (Yaodu)	36.132629	111.641236
LFT	KLFT	Lafayette Regional Airport	Lafayette	30.205299	-91.987602
LFW	DXXX	Lomé–Tokoin International Airport	Lomé	6.16561	1.25451
LGA	KLGA	LaGuardia Airport	New York	40.777199	-73.872597
LGB	KLGB	Long Beach International Airport	Long Beach	33.816523	-118.149891
LGG	EBLG	Liège Airport	Grâce-Hollogne	50.638574	5.443897
LGI	MYLD	Deadman's Cay Airport	Deadman's Cay	23.1790008545	-75.09359741210001
LGK	WMKL	Langkawi International Airport	Langkawi	6.32973	99.728699
LGL	WBGF	Long Lellang Airport	Long Datih	3.4210000038099997	115.153999329
LGW	EGKK	London Gatwick Airport	London	51.148744	-0.185739
LGZ	ZUSH	Shannan Longzi Airport	Shannan	28.422422	92.348082
LHE	OPLA	Allama Iqbal International Airport	Lahore	31.521601	74.403603
LHG	YLRD	Lightning Ridge Airport		-29.452857	147.977146
LHL	UBLC	Lachin International Airport	Lachin	39.883787	46.363137
LHR	EGLL	London Heathrow Airport	London	51.470748	-0.459909
LHS	SAVH	Las Heras Airport	Las Heras	-46.538517	-68.965323
LHW	ZLLL	Lanzhou Zhongchuan International Airport	Lanzhou (Yongdeng)	36.515202	103.620003
LIF	NWWL	Lifou Airport	Lifou	-20.774563	167.239328
LIG	LFBL	Limoges Airport	Limoges/Bellegarde	45.862801	1.17944
LIH	PHLI	Lihue Airport	Lihue, Kauai	21.974393	-159.337146
LIK		Likiep Airport	Likiep Island	9.82316	169.307999
LIL	LFQQ	Lille Airport	Lesquin	50.566564	3.102429
LIM	SPJC	Jorge Chávez International Airport	Lima	-12.0219	-77.114305
LIN	LIML	Milano Linate Airport	Segrate (MI)	45.445099	9.27674
LIO	MRLM	Limón International Airport	Limón	9.95796	-83.022003
LIR	MRLB	Daniel Oduber Quirós International Airport	Liberia	10.5933	-85.544403
LIS	LPPT	Lisbon Humberto Delgado Airport	Lisbon	38.7813	-9.13592
LIT	KLIT	Bill & Hillary Clinton National Airport/Adams Field	Little Rock	34.729222	-92.223591
LIW	VYLK	Loikaw Airport	Loikaw	19.691499710083008	97.21479797363281
LJG	ZPLJ	Lijiang Sanyi International Airport	Lijiang	26.677483	100.244944
LJU	LJLJ	Ljubljana Jože Pučnik Airport	Zgornji Brnik	46.223701	14.4576
LKA	WATL	Larantuka Gewayentana Airport	Tiwatobi	-8.274424	123.002
LKB	NFNK	Lakeba Island Airport	Lakeba Island	-18.1991996765	-178.817001343
LKE		Kenmore Air Harbor Seaplane Base	Seattle	47.629002	-122.338997
LKI		Lasikin Airport	Lubang	2.411328	96.327722
LKL	ENNA	Lakselv Airport, Banak	Lakselv	70.068802	24.973499
LKM	WAMI	Bolaang Mongondow Airport	Lolak	0.88855	124.033634
LKN	ENLK	Leknes Airport	Leknes	68.152496337891	13.609399795532
LKO	VILK	Chaudhary Charan Singh International Airport	Lucknow	26.760599	80.889297
LLA	ESPA	Luleå Airport	Luleå	65.5438	22.122
LLB	ZULB	Libo Airport	Qiannan (Libo)	25.4525	107.961667
LLF	ZGLG	Yongzhou Lingling Airport	Yongzhou	26.338661	111.610043
LLK	UBBL	Lankaran International Airport	Lankaran	38.757919	48.807042
LLO	WAFD	Bua - Palopo Lagaligo Airport	Palopo	-3.08227	120.244823
LLU		Alluitsup Paa Heliport	Alluitsup Paa	60.46445	-45.56917
LLV	ZBLL	Lüliang Dawu Airport	Lüliang	37.683333	111.142778
LLW	FWKI	Kamuzu International Airport	Lumbadzi	-13.7894	33.780998
LMA	PAMH	Minchumina Airport	Minchumina	63.886002	-152.302002
LMC	SKNA	La Macarena Airport	La Macarena	2.17565	-73.78674
LME	LFRM	Le Mans-Arnage Airport	Le Mans, Sarthe	47.948604	0.201702
LMM	MMLM	Valle del Fuerte International Airport	Los Mochis	25.685503	-109.081159
LMN	WBGJ	Limbang Airport	Limbang	4.808300018310547	115.01000213623047
LMP	LICD	Lampedusa Airport	Lampedusa	35.497898	12.6181
LMY		Lake Murray Airport	Lake Murray	-7.00992012024	141.494003296
LNB	NVSM	Lamen Bay Airport	Lamen Bay	-16.584199905400002	168.158996582
LNE	NVSO	Lonorore Airport	Lonorore	-15.865599632299999	168.17199707
LNJ	ZPLC	Lincang Boshang Airport	Lincang	23.7381	100.025002
LNK	KLNK	Lincoln Airport	Lincoln	40.844882	-96.76178
LNL	ZLLN	Longnan Chengzhou Airport	Longnan (Cheng)	33.789918	105.790014
LNO	YLEO	Leonora Airport	Leonora	-28.87809944152832	121.31500244140625
LNS	KLNS	Lancaster Airport	Lancaster	40.121700286865234	-76.29609680175781
LNU		Robert Atty Bessing	Malinau	3.575256	116.619769
LNV	AYKY	Londolovit Airport	Londolovit	-3.04361009598	152.628997803
LNY	PHNY	Lanai Airport	Lanai City	20.785675	-156.951324
LNZ	LOWL	Linz-Hörsching Airport	Linz	48.235362	14.188128
LOD	NVSG	Longana Airport	Longana	-15.3066997528	167.966995239
LOE	VTUL	Loei Airport		17.43910026550293	101.72200012207031
LOH		Ciudad de Catamayo Airport	La Toma (Catamayo)	-3.995606	-79.371902
LOP	WADL	Lombok International Airport	Mataram (Pujut, Lombok Tengah)	-8.759962	116.278169
LOS	DNMM	Murtala Muhammed International Airport	Lagos	6.57737	3.32116
LPA	GCLP	Gran Canaria Airport	Gran Canaria Island	27.9319	-15.3866
LPB	SLLP	El Alto International Airport	La Paz / El Alto	-16.510272	-68.189416
LPD	SKLP	La Pedrera Airport	La Pedrera	-1.324882	-69.581294
LPF	ZUPS	Liupanshui Yuezhao Airport	Liupanshui (Zhongshan)	26.609417	104.979
LPI	ESSL	Linköping City Airport	Linköping	58.404909	15.684499
LPK	UUOL	Lipetsk Airport	Lipetsk	52.70280075073242	39.53779983520508
LPL	EGGP	Liverpool John Lennon Airport	Liverpool	53.334863	-2.849637
LPM	NVSL	Lamap Airport	Lamap	-16.4611228	167.829253
LPP	EFLP	Lappeenranta Airport	Lappeenranta	61.044601	28.144743
LPQ	VLLB	Luang Phabang International Airport	Luang Phabang	19.904273	102.167191
LPS		Lopez Island Airport	Lopez	48.4838981628418	-122.93800354003906
LPT	VTCL	Lampang Airport		18.27090072631836	99.50420379638672
LPU	WAQL	Long Apung Airport	Long Apung-Borneo Island	1.706932	114.969934
LPY	LFHP	Le Puy-Loudes Airfield	Chaspuzac, Haute-Loire	45.0807	3.76289
LQM	SKLG	Caucaya Airport	Puerto Leguízamo	-0.182278	-74.7708
LRD	KLRD	Laredo International Airport	Laredo	27.5438	-99.461601
LRE	YLRE	Longreach Airport	Longreach	-23.4342	144.279999
LRH	LFBH	La Rochelle Île de Ré Airport	La Rochelle	46.179199	-1.19528
LRM	MDLR	Casa De Campo International Airport	La Romana	18.452222	-68.911111
LRR	OISL	Lar Airport	Lar	27.6747	54.383301
LRS	LGLE	Leros Airport	Leros Island	37.184898	26.800301
LRT	LFRH	Lorient South Brittany (Bretagne Sud) Airport	Lorient/Lann/Bihoué	47.760601	-3.44
LRU	KLRU	Las Cruces International Airport	Las Cruces	32.289398	-106.921997
LRV	SVRS	Los Roques Airport	Gran Roque Island	11.946935	-66.668333
LSA	AYKA	Losuia Airport	Losuia	-8.505820274353027	151.08099365234375
LSC	SCSE	La Florida Airport	La Serena-Coquimbo	-29.916201	-71.199501
LSE	KLSE	La Crosse Regional Airport	La Crosse	43.879002	-91.256699
LSH	VYLS	Lashio Airport	Lashio	22.9778995513916	97.752197265625
LSI	EGPB	Sumburgh Airport	Lerwick, Shetland	59.878899	-1.29556
LSP	SVJC	Josefa Camejo International Airport	Paraguaná	11.780775	-70.151497
LSR		Alas Leuser Airport	Kutacane	3.391456	97.863726
LST	YMLT	Launceston Airport	Launceston (Western Junction)	-41.544935	147.210785
LSW	WIMA	Malikus Saleh Airport	Lhok Seumawe-Sumatra Island	5.22668	96.950302
LSY	YLIS	Lismore Airport	Lismore	-28.830689	153.258419
LTD	HLTD	Ghadames Airport	Ghadames	30.145484	9.702095
LTI	ZMAT	Altai Airport	Altai	46.376399993896484	96.22109985351562
LTK	OSLK	Latakia International Airport	Latakia	35.4011	35.9487
LTM	SYLT	Lethem Airport	Lethem	3.37276	-59.789398
LTN	EGGW	London Luton Airport	Luton, Luton	51.874699	-0.368333
LTO	MMLT	Loreto International Airport	Loreto	25.989549	-111.348408
LTT	LFTZ	La Môle Airport	Saint-Tropez	43.205399	6.482
LTU	VALT	Murod Kond Airport	Latur	18.411501	76.464699
LTX		Cotopaxi International Airport	Latacunga	-0.906833	-78.615799
LUA	VNLK	Tenzing-Hillary Airport	Lukla	27.686768	86.729479
LUD	FYLZ	Luderitz Airport	Luderitz	-26.687400817871094	15.242899894714355
LUG	LSZA	Lugano Airport	Agno	46.004299	8.91058
LUK	KLUK	Cincinnati Municipal Airport Lunken Field	Cincinnati	39.102357	-84.418945
LUM	ZPMS	Dehong Mangshi International Airport	Dehong (Mangshi)	24.4011	98.5317
LUN	FLKK	Kenneth Kaunda International Airport	Lusaka	-15.330833	28.452722
LUP	PHLU	Kalaupapa Airport	Kalaupapa	21.211	-156.973999
LUQ	SAOU	Brigadier Mayor D Cesar Raul Ojeda Airport	San Luis	-33.273201	-66.3564
LUR	PALU	Cape Lisburne LRRS Airport	Cape Lisburne	68.875099	-166.110001
LUV	WAPF	Karel Sadsuitubun Airport	Langgur	-5.760278	132.759444
LUX	ELLX	Luxembourg-Findel International Airport	Luxembourg	49.626845	6.212134
LUZ	EPLB	Lublin Airport	Lublin	51.240157	22.713461
LVI	FLHN	Harry Mwanga Nkumbula International Airport	Livingstone	-17.821524	25.819642
LVO	YLTN	Laverton Airport	Laverton	-28.614267	122.428673
LWB	KLWB	Greenbrier Valley Airport	Lewisburg	37.857914	-80.400438
LWK	EGET	Lerwick / Tingwall Airport	Lerwick, Shetland Islands	60.1922	-1.24361
LWN	UDSG	Shirak International Airport	Gyumri	40.750401	43.859299
LWO	UKLL	Lviv International Airport	Lviv	49.8125	23.9561
LWS	KLWS	Lewiston Nez Perce County Airport	Lewiston	46.3745002746582	-117.01499938964844
LWY	WBGW	Lawas Airport	Lawas	4.84917	115.407997
LXA	ZULS	Lhasa Gonggar International Airport	Shannan (Gonggar)	29.298001	90.911951
LXG	VLLN	Luang Namtha Airport	Luang Namtha	20.966999	101.400002
LXR	HELX	Luxor International Airport	Luxor	25.671018	32.706446
LXS	LGLM	Limnos Airport	Limnos Island	39.917098999	25.236299514799995
LYA	ZHLY	Luoyang Beijiao Airport	Luoyang (Laocheng)	34.7411	112.388
LYC	ESNL	Lycksele Airport	Lycksele	64.548302	18.7162
LYG	ZSLG	Lianyungang Huaguoshan International Airport	Lianyungang	34.41406	119.17899
LYH	KLYH	Lynchburg Regional Airport - Preston Glenn Field	Lynchburg	37.326698	-79.200401
LYI	ZSLY	Linyi Qiyang Airport	Linyi (Hedong)	35.052918	118.411828
LYP	OPFA	Faisalabad International Airport	Faisalabad	31.364923	72.995319
LYR	ENSB	Svalbard Airport, Longyear	Longyearbyen	78.246101	15.4656
LYS	LFLL	Lyon Saint-Exupéry Airport	Colombier-Saugnieu, Rhône	45.725996	5.090139
LZG	ZULA	Langzhong Gucheng Airport	Nanchong (Langzhong)	31.50191	106.034417
LZH	ZGZH	Liuzhou Bailian Airport / Bailian Air Base	Liuzhou (Liujiang)	24.2075	109.390999
LZN	RCFG	Matsu Nangan Airport	Matsu (Nangan)	26.159656	119.958376
LZO	ZULZ	Luzhou Yunlong Airport	Luzhou (Yunlong)	29.030357	105.468407
LZY	ZUNZ	Nyingchi Mainling Airport	Nyingchi (Mainling)	29.303301	94.335297
MAA	VOMM	Chennai International Airport	Chennai	12.990005	80.169296
MAB	SBMA	João Correa da Rocha Airport	Marabá	-5.36859	-49.138
MAD	LEMD	Adolfo Suárez Madrid–Barajas Airport	Madrid	40.493407	-3.572249
MAF	KMAF	Midland International Air and Space Port	Midland	31.942499	-102.202003
MAG	AYMD	Madang Airport	Madang	-5.20707988739	145.789001465
MAH	LEMH	Menorca Airport	Mahón (Maó)	39.862598	4.21865
MAJ	PKMJ	Marshall Islands International Airport	Majuro Atoll	7.06511	171.271656
MAK	HSSM	Malakal International Airport	Malakal	9.558739	31.651937
MAM	MMMA	General Servando Canales International Airport	Matamoros	25.7698993683	-97.5252990723
MAN	EGCC	Manchester Airport	Manchester, Greater Manchester	53.349375	-2.279521
MAO	SBEG	Eduardo Gomes International Airport	Manaus	-3.03861	-60.049702
MAQ	VTPM	Mae Sot Airport		16.699899673461914	98.54509735107422
MAR	SVMC	La Chinita International Airport	Maracaibo	10.557542	-71.729307
MAS	AYMO	Momote Airport	Manus Island	-2.06189	147.423996
MAU	NTTP	Maupiti Airport		-16.42650032043457	-152.24400329589844
MAZ	TJMZ	Eugenio Maria De Hostos Airport	Mayaguez	18.255699157714844	-67.14849853515625
MBA	HKMO	Moi International Airport	Mombasa	-4.03483	39.5942
MBD	FAMM	Mmabatho International Airport	Mafeking	-25.798400878900004	25.548000335699996
MBE	RJEB	Monbetsu Airport	Monbetsu	44.303901672399995	143.404006958
MBI	HTGW	Songwe Airport	Mbeya	-8.919942	33.273981
MBJ	MKJS	Sangster International Airport	Montego Bay	18.50342	-77.91323
MBL	KMBL	Manistee County Blacker Airport	Manistee	44.272707	-86.246495
MBS	KMBS	MBS International Airport	Freeland	43.533181	-84.083104
MBT	RPVJ	Moises R. Espinosa Airport	Masbate	12.369682	123.630095
MBW	YMMB	Melbourne Moorabbin Airport	Melbourne	-37.977765	145.099799
MBX	LJMB	Maribor Edvard Rusjan Airport	Maribor	46.4799	15.6861
MCE	KMCE	Merced Regional Macready Field	Merced	37.284698	-120.514
MCG	PAMC	McGrath Airport	McGrath	62.95289993	-155.6060028
MCI	KMCI	Kansas City International Airport	Kansas City	39.301699	-94.713893
MCK	KMCK	McCook Ben Nelson Regional Airport	McCook	40.207787	-100.592794
MCM	LNMC	Monaco Heliport	Fontvieille	43.725798	7.419673
MCN	KMCN	Middle Georgia Regional Airport	Macon	32.69279861450195	-83.64920043945312
MCO	KMCO	Orlando International Airport	Orlando	28.429399490356445	-81.30899810791016
MCP	SBMQ	Macapá - Alberto Alcolumbre International Airport	Macapá	0.050664	-51.072201
MCT	OOMS	Muscat International Airport	Muscat/Seeb	23.600218	58.285268
MCV	YMHU	McArthur River Mine Airport	McArthur River Mine	-16.4424991608	136.083999634
MCW	KMCW	Mason City Municipal Airport	Mason City	43.159801	-93.329716
MCX	URML	Makhachkala Uytash International Airport	Makhachkala	42.816799	47.652302
MCY	YBSU	Sunshine Coast Airport	Maroochydore	-26.593324	153.08319
MCZ	SBMO	Zumbi dos Palmares International Airport	Maceió	-9.512559	-35.791839
MDC	WAMM	Sam Ratulangi International Airport	Manado	1.548591	124.92625
MDE	SKRG	Jose Maria Córdova International Airport	Medellín	6.16454	-75.4231
MDG	ZYMD	Mudanjiang Hailang International Airport	Mudanjiang	44.525172	129.568634
MDI	DNMK	Makurdi Airport	Makurdi	7.70388	8.61394
MDK	FZEA	Mbandaka Airport	Mbandaka	0.0226000007242	18.2887001038
MDL	VYMD	Mandalay International Airport	Mandalay	21.702199935913086	95.97789764404297
MDQ	SAZM	Ástor Piazzola International Airport	Mar del Plata	-37.9342	-57.5733
MDT	KMDT	Harrisburg International Airport	Harrisburg	40.192838	-76.762333
MDU	AYMN	Mendi Airport	Mendi	-6.14774	143.656998
MDW	KMDW	Chicago Midway International Airport	Chicago	41.785999	-87.752403
MDZ	SAME	Governor Francisco Gabrielli International Airport	Mendoza	-32.831699	-68.7929
MEB	YMEN	Melbourne Essendon Airport	Essendon Fields	-37.7281	144.901993
MEC	SEMT	Eloy Alfaro International Airport	Manta	-0.9460780024528503	-80.67880249023438
MED	OEMA	Prince Mohammad Bin Abdulaziz Airport	Medina	24.5534	39.705101
MEE	NWWR	Maré Airport	Maré	-21.482438	168.038465
MEG	FNMA	Malanje Airport	Malanje	-9.525090217590332	16.312400817871094
MEH	ENMH	Mehamn Airport	Mehamn	71.029701	27.8267
MEI	KMEI	Key Field / Meridian Regional Airport	Meridian	32.3326	-88.7519
MEL	YMML	Melbourne Airport	Melbourne	-37.670732	144.837898
MEM	KMEM	Memphis International Airport	Memphis	35.043845	-89.97634
MEQ	WITC	Cut Nyak Dhien Airport	Kuala Pesisir	4.040998	96.253312
MEX	MMMX	Mexico City Benito Juárez International Airport	Mexico City	19.435822	-99.07033
MFA	HTMA	Mafia Airport	Kilindoni	-7.917478	39.668502
MFE	KMFE	McAllen Miller International Airport	McAllen	26.176141	-98.237965
MFG	OPMF	Muzaffarabad Airport	Muzaffarabad	34.338835	73.508886
MFJ	NFMO	Moala Airport	Moala	-18.566699981699998	179.951004028
MFK	RCMT	Matsu Beigan Airport	Matsu (Beigan)	26.22414	120.002679
MFM	VMMC	Macau International Airport	Nossa Senhora do Carmo	22.149599	113.592003
MFR	KMFR	Rogue Valley International-Medford Airport	Medford	42.374199	-122.873001
MFU	FLMF	Mfuwe International Airport	Mfuwe	-13.2589	31.9366
MGA	MNMG	Augusto C. Sandino (Managua) International Airport	Managua	12.1415	-86.168198
MGB	YMTG	Mount Gambier Airport	Mount Gambier	-37.744382	140.780561
MGC	KMGC	Michigan City Municipal Airport	Michigan City	41.7033	-86.821198
MGF	SBMG	Regional de Maringá - Sílvio Name Júnior Airport	Maringá	-23.47606	-52.016187
MGH	FAMG	Margate Airport	Margate	-30.8574008942	30.343000412
MGM	KMGM	Montgomery Regional (Dannelly Field) Airport	Montgomery	32.300598	-86.393997
MGQ	HCMM	Aden Adde International Airport	Mogadishu	2.01444	45.304699
MGT	YMGB	Milingimbi Airport	Milingimbi Island	-12.0944004059	134.893997192
MGW	KMGW	Morgantown Municipal Airport Walter L. (Bill) Hart Field	Morgantown	39.643305	-79.917598
MGZ	VYME	Myeik Airport	Mkeik	12.439800262451172	98.62149810791016
MHC	SCPQ	Mocopulli Airport	Dalcahue	-42.340388	-73.715693
MHD	OIMM	Mashhad International Airport	Mashhad	36.234821	59.642949
MHG	EDFM	Mannheim-City Airport	Mannheim	49.473057	8.514167
MHH	MYAM	Leonard M. Thompson International Airport	Marsh Harbour	26.510711	-77.084262
MHK	KMHK	Manhattan Regional Airport	Manhattan	39.14099884033203	-96.6707992553711
MHM	AGOB	Manaoba Airport	Manaoba	-8.325008	160.80051
MHQ	EFMA	Mariehamn Airport	Mariehamn	60.1222	19.898199
MHT	KMHT	Manchester-Boston Regional Airport	Manchester	42.932598	-71.435699
MHU	YHOT	Mount Hotham Airport	Mount Hotham	-37.0475006104	147.333999634
MHX	NCMH	Manihiki Island Airport	Manihiki Island	-10.38091	-160.999424
MIA	KMIA	Miami International Airport	Miami	25.796011	-80.289751
MID	MMMD	Manuel Crescencio Rejón International Airport	Mérida	20.930485	-89.645462
MIG	ZUMY	Mianyang Nanjiao Airport	Mianyang (Fucheng)	31.428101	104.740997
MII	SBML	Frank Miloye Milenkowichi–Marília State Airport	Marília	-22.196899	-49.926485
MIJ		Mili Island Airport	Mili Island	6.084754	171.731419
MIM	YMER	Merimbula Airport	Merimbula	-36.9085998535	149.901000977
MIR	DTMB	Monastir Habib Bourguiba International Airport	Monastir	35.75809860229492	10.75469970703125
MIS	AYMS	Misima Island Airport	Misima Island	-10.689200401299999	152.837997437
MIU	DNMA	Maiduguri International Airport	Maiduguri	11.854163	13.080702
MJE		Majkin Airport	Majkin	8.163362	168.173862
MJF	ENMS	Mosjøen Airport, Kjærstad	Mosjøen	65.783997	13.2149
MJI	HLLM	Mitiga International Airport	Tripoli	32.89177	13.287878
MJK	YSHK	Shark Bay Airport	Denham	-25.897294	113.575802
MJM	FZWA	Mbuji Mayi Airport	Mbuji Mayi	-6.121240139010001	23.569000244099996
MJN	FMNM	Amborovy Airport	Mahajanga	-15.666842	46.351233
MJT	LGMT	Mytilene International Airport	Mytilene	39.057406	26.598629
MJY		Motygino Airport	Motygino	58.180921	94.745272
MJZ	UERR	Mirny Airport	Mirny	62.534698486328125	114.03900146484375
MKE	KMKE	General Mitchell International Airport	Milwaukee	42.947201	-87.896599
MKG	KMKG	Muskegon County Airport	Muskegon	43.169498	-86.238197
MKK	PHMK	Molokai Airport	Kaunakakai	21.152901	-157.095993
MKL	KMKL	McKellar-Sipes Regional Airport	Jackson	35.599899	-88.915604
MKM	WBGK	Mukah Airport	Mukah	2.881944	112.043333
MKP	NTGM	Makemo Airport	Makemo	-16.5839	-143.658005
MKQ	WAKK	Mopah International Airport	Merauke	-8.523898	140.419693
MKR	YMEK	Meekatharra Airport		-26.6117000579834	118.5479965209961
MKU	FOOK	Makokou Airport	Makokou	0.5792109966278076	12.890899658203125
MKW	WAUU	Rendani Airport	Manokwari	-0.891833	134.048996
MKY	YBMK	Mackay Airport	Mackay	-21.170816	149.182588
MKZ	WMKM	Malacca International Airport	Malacca	2.265613	102.252778
MLA	LMML	Malta International Airport	Valletta	35.845932	14.491546
MLB	KMLB	Melbourne Orlando International Airport	Melbourne	28.102009	-80.641088
MLE	VRMM	Velana International Airport	Malé	4.19183	73.529099
MLG	WARA	Abdul Rachman Saleh Airport	Malang	-7.929099	112.714233
MLI	KMLI	Quad City International Airport	Moline	41.448502	-90.5075
MLL	PADM	Marshall Don Hunter Sr Airport	Marshall	61.8643	-162.026001
MLM	MMMM	General Francisco J. Mujica International Airport	Morelia	19.849899	-101.025002
MLN	GEML	Melilla Airport	Melilla	35.2798	-2.95626
MLO	LGML	Milos Airport	Milos Island	36.696899	24.4769
MLU	KMLU	Monroe Regional Airport	Monroe	32.510899	-92.037697
MLW	GLMR	Spriggs Payne Airport	Monrovia	6.28906	-10.7587
MLX	LTAT	Malatya Erhaç Airport	Malatya	38.435298919699996	38.0909996033
MLY	PAML	Manley Hot Springs Airport	Manley Hot Springs	64.99188	-150.644102
MMB	RJCM	Memanbetsu Airport	Ōzora	43.8805999756	144.164001465
MMD	ROMD	Minamidaito Airport	Minamidaito	25.8465	131.263
MME	EGNV	Teesside International Airport	Darlington, Durham	54.509201	-1.42941
MMG	YMOG	Mount Magnet Airport		-28.116100311279297	117.84200286865234
MMH	KMMH	Mammoth Yosemite Airport	Mammoth Lakes	37.625381	-118.84306
MMJ	RJAF	Shinshu-Matsumoto Airport	Matsumoto	36.166801	137.923004
MMK	ULMM	Emperor Nicholas II Murmansk Airport	Murmansk	68.7817	32.750801
MMO	GVMA	Maio Airport	Vila do Maio	15.155900001525879	-23.213699340820312
MMX	ESMS	Malmö Sturup Airport	Malmö	55.535564	13.376327
MMY	ROMY	Miyako Airport	Miyakojima	24.782801	125.294998
MMZ	OAMN	Maymana Zahiraddin Faryabi Airport	Maymana	35.930801	64.760902
MNC	FQNC	Nacala International Airport	Nacala	-14.4882	40.7122
MNF	NFMA	Mana Island Airport	Mana Island	-17.672844	177.0985
MNG	YMGD	Maningrida Airport	Maningrida	-12.0560998917	134.23399353
MNI	TRPG	John A. Osborne Airport	Gerald's Park	16.791835	-62.193204
MNJ	FMSM	Mananjary Airport	Mananjary	-21.201799	48.358299
MNL	RPLL	Ninoy Aquino International Airport	Manila (Pasay)	14.5086	121.019997
MNT		Minto Al Wright Airport	Minto	65.147991	-149.368658
MNU	VYMM	Mawlamyine Airport	Mawlamyine	16.444700241088867	97.66069793701172
MNX	SBMY	Manicoré Airport	Manicoré	-5.81138	-61.278301
MNY	AGGO	Mono Airport	Stirling Island	-7.41694	155.565002
MOB	KMOB	Mobile Regional Airport	Mobile	30.6912	-88.242798
MOC	SBMK	Mário Ribeiro Airport	Montes Claros	-16.706919	-43.818901
MOF	WATC	Frans Xavier Seda Airport	Waioti	-8.639514	122.238135
MOG	VYMS	Mong Hsat Airport	Mong Hsat	20.516799926757812	99.25679779052734
MOH	WAFO	Maleo Airport	Morowali	-2.201143	121.662884
MOI	NCMR	Mitiaro Island Airport	Mitiaro Island	-19.842501	-157.703003
MOJ	SMMO	Moengo Airstrip	Moengo	5.6076	-54.4003
MOL	ENML	Molde Airport, Årø	Årø	62.744701	7.2625
MOQ	FMMV	Morondava Airport	Morondava	-20.2847	44.3176
MOT	KMOT	Minot International Airport	Minot	48.25801	-101.279123
MOU	PAMO	Mountain Village Airport	Mountain Village	62.095401763916016	-163.6820068359375
MOV	YMRB	Moranbah Airport	Moranbah	-22.057800293	148.07699585
MOZ	NTTM	Moorea Temae Airport	Moorea-Maiao	-17.48979	-149.761777
MPA	FYKM	Katima Mulilo Airport	Mpacha	-17.634258	24.176688
MPC		Muko Muko Airport	Muko Muko	-2.541058	101.087651
MPH	RPVE	Godofredo P. Ramos Airport	Caticlan	11.9245	121.954002
MPL	LFMT	Montpellier-Méditerranée Airport	Montpellier/Méditerranée	43.576199	3.96301
MPM	FQMA	Maputo Airport	Maputo	-25.920799	32.572601
MPN	EGYP	Mount Pleasant Airport / RAF Mount Pleasant	Mount Pleasant	-51.822642	-58.445777
MPW	UKCM	Mariupol International Airport	Mariupol	47.07609939575195	37.44960021972656
MPY	SOOA	Maripasoula Airport	Maripasoula	3.655907	-54.039431
MQC	LFVM	Miquelon Airport	Miquelon	47.095501	-56.380299
MQF	USCM	Magnitogorsk International Airport	Magnitogorsk	53.391991	58.755235
MQJ	UEMA	Moma Airport	Khonuu	66.450861	143.261551
MQL	YMIA	Mildura Airport	Mildura	-34.229198455799995	142.085998535
MQM	LTCR	Mardin Airport	Mardin	37.223300933800004	40.6316986084
MQN	ENRA	Mo i Rana Airport, Røssvoll	Mo i Rana	66.363899230957	14.301400184631
MQP	FAKN	Kruger Mpumalanga International Airport	Mbombela	-25.383327	31.105325
MQS	TVSM	Mustique Airport	Lovell	12.8879	-61.180199
MQT	KSAW	Marquette/Sawyer International Airport	Gwinn	46.351498	-87.395884
MQX	HAMK	Mekele Alula Aba Nega Airport	Mekele	13.4674	39.533501
MRA	HLMS	Misrata International Airport	Misrata	32.325001	15.061
MRE	HKMS	Mara Serena Lodge Airstrip	Serena	-1.404588	35.008349
MRI	PAMR	Merrill Field	Anchorage	61.212792	-149.843988
MRS	LFML	Marseille Provence Airport	Marignane, Bouches-du-Rhône	43.438088	5.2125
MRU	FIMP	Sir Seewoosagur Ramgoolam International Airport	Plaine Magnien	-20.430201	57.683601
MRV	URMM	Mineralnye Vody Airport	Mineralnyye Vody	44.225101	43.081902
MRX	OIAM	Mahshahr Airport	Mahshahr	30.5562	49.151901
MRY	KMRY	Monterey Regional Airport	Monterey	36.586777	-121.844183
MRZ	YMOR	Moree Airport	Moree	-29.498899459799997	149.845001221
MSA	CZMD	Muskrat Dam Airport	Muskrat Dam	53.441399	-91.762802
MSJ	RJSM	Misawa Airport / Misawa Air Base	Misawa	40.703201	141.367996
MSL	KMSL	Northwest Alabama Regional Airport	Muscle Shoals	34.745123	-87.612981
MSN	KMSN	Dane County Regional Truax Field	Madison	43.1399	-89.337502
MSO	KMSO	Missoula Montana Airport	Missoula	46.915816	-114.091107
MSP	KMSP	Minneapolis–Saint Paul International Airport / Wold–Chamberlain Field	Minneapolis	44.880081	-93.221741
MSQ	UMMS	Minsk National Airport	Minsk	53.888071	28.039964
MSR	LTCK	Muş Airport	Muş	38.747798919677734	41.66120147705078
MSS	KMSS	Massena International Airport Richards Field	Massena	44.936157	-74.844304
MST	EHBK	Maastricht Aachen Airport	Maastricht	50.911087	5.769401
MSU	FXMM	Moshoeshoe I International Airport	Maseru(Mazenod)	-29.456277	27.554456
MSY	KMSY	Louis Armstrong New Orleans International Airport	New Orleans	29.993401	-90.264673
MSZ	FNMO	Welwitschia Mirabilis International Airport	Moçâmedes	-15.2612	12.1468
MTF	HAMT	Mizan Teferi Airport	Mizan Teferi	6.9571	35.5547
MTJ	KMTJ	Montrose Regional Airport	Montrose	38.5098	-107.893997
MTM	PAMM	Metlakatla Seaplane Base	Metlakatla	55.131001	-131.578003
MTP	KMTP	Montauk Airport	Montauk	41.0765	-71.920797
MTR	SKMR	Los Garzones Airport	Montería	8.82374	-75.8258
MTT	MMMT	Minatitlán/Coatzacoalcos International Airport	Cosoleacaque	18.103399	-94.580704
MTY	MMMY	Monterrey International Airport	Monterrey	25.778521	-100.106989
MUA	AGGM	Munda Airport	Munda	-8.32797	157.263
MUB	FBMN	Maun International Airport	Maun	-19.970491	23.431409
MUC	EDDM	Munich Airport	Munich	48.353802	11.7861
MUE	PHMU	Waimea Kohala Airport	Waimea (Kamuela)	20.001301	-155.667999
MUH	HEMM	Mersa Matruh International Airport	Marsa Matruh	31.324313	27.22227
MUK	NCMK	Mauke Airport	Mauke Island	-20.13610076904297	-157.34500122070312
MUN	SVMT	José Tadeo Monagas International Airport	Maturín	9.749023	-63.153348
MUR	WBGM	Marudi Airport	Marudi	4.178734	114.330318
MUU		Barra Grande Airport	Maraú	-13.906082	-38.940804
MUX	OPMT	Multan International Airport	Multan	30.203199	71.419098
MUZ	HTMU	Musoma Airport	Musoma	-1.503	33.8021
MVB	FOON	M'Vengue El Hadj Omar Bongo Ondimba International Airport	Franceville	-1.65616	13.438
MVD	SUMU	Carrasco General Cesáreo L. Berisso International Airport	Ciudad de la Costa	-34.835647	-56.026497
MVF	SBMS	Dix-Sept Rosado Airport	Mossoró	-5.20192	-37.3643
MVP	SKMU	Fabio Alberto Leon Bentley Airport	Mitú	1.25366	-70.2339
MVQ	UMOO	Mogilev Airport	Mogilev	53.954898834228516	30.09510040283203
MVR	FKKL	Salak Airport	Maroua	10.451399803161621	14.257399559020996
MVT	NTGV	Mataiva Airport		-14.8681001663208	-148.7169952392578
MVY	KMVY	Martha's Vineyard Airport	Martha's Vineyard	41.3931007385	-70.6143035889
MWA	KMWA	Veterans Airport of Southern Illinois	Marion	37.751208	-89.016568
MWL	KMWL	Mineral Wells Regional Airport	Mineral Wells	32.781601	-98.060204
MWQ	VYMW	Magway Airport	Magway	20.1656	94.941399
MWX	RKJB	Muan International Airport	Muan (Piseo-ri)	34.991406	126.382814
MWZ	HTMW	Mwanza International Airport	Mwanza	-2.446563	32.936049
MXH	AYMR	Moro Airport	Moro	-6.36332988739	143.238006592
MXL	MMML	General Rodolfo Sánchez Taboada International Airport	Mexicali	32.630629	-115.242805
MXP	LIMC	Milan Malpensa International Airport	Ferno (VA)	45.6306	8.72811
MXV	ZMMN	Mörön Airport	Mörön	49.663677	100.100028
MXW	ZMMG	Mandalgobi Airport	Mandalgobi	45.7380981445	106.268997192
MXX	ESKM	Mora Airport	Mora	60.957901	14.5114
MXZ	ZGMX	Meizhou Meixian Changgangji International Airport	Meizhou (Meixian)	24.263425	116.097857
MYA	YMRY	Moruya Airport	Moruya	-35.8978004456	150.143997192
MYD	HKML	Malindi International Airport	Malindi	-3.22931	40.1017
MYE	RJTQ	Miyakejima Airport	Miyakejima	34.073600769	139.559997559
MYG	MYMM	Mayaguana Airport	Abraham Bay Settlement	22.379499	-73.013494
MYI	YMAE	Murray Island Airport	Murray Island	-9.915105	144.054644
MYJ	RJOM	Matsuyama Airport	Matsuyama	33.826893	132.700114
MYK		May Creek Airport	May Creek	61.335701	-142.686996
MYL	KMYL	McCall Municipal Airport	McCall	44.888837	-116.101112
MYP	UTAM	Mary International Airport	Mary	37.62353	61.895668
MYQ	VOMY	Mysore Airport	Mysore	12.229751	76.653683
MYR	KMYR	Myrtle Beach International Airport	Myrtle Beach	33.679699	-78.928299
MYT	VYMK	Myitkyina Airport	Myitkyina	25.3836	97.351898
MYU	PAMY	Mekoryuk Airport	Mekoryuk	60.372338	-166.269751
MYW	HTMT	Mtwara Airport	Mtwara	-10.336204	40.181997
MYY	WBGR	Miri Airport	Miri	4.32201	113.987
MZG	RCQC	Penghu Magong Airport	Huxi	23.568701	119.627998
MZH	LTAP	Amasya Merzifon Airport	Amasya	40.829399	35.521999
MZI	GAMB	Mopti Airport	Sévaré	14.5128	-4.07956
MZL	SKMZ	La Nubia Airport	Manizales	5.0296	-75.4647
MZO	MUMZ	Sierra Maestra International Airport	Manzanillo	20.288605	-77.087545
MZQ	FAMU	Mkuze Airport	Mkuze	-27.626101	32.0443
MZR	OAMS	Mazar-i-Sharif International Airport	Mazar-i-Sharif	36.70412	67.210459
MZS		Moradabad Airport	Moradabad	28.81746	78.92187
MZT	MMMZ	General Rafael Buelna International Airport	Mazatlàn	23.162823	-106.264517
MZV	WBMU	Mulu Airport	Mulu	4.048329830169678	114.80500030517578
NAA	YNBR	Narrabri Airport	Narrabri	-30.3192005157	149.82699585
NAG	VANP	Dr. Babasaheb Ambedkar International Airport	Nagpur	21.092199	79.047203
NAH	WAMH	Naha Airport	Tabukan Utara, Sangihe Islands	3.68478	125.527162
NAJ	UBBN	Nakhchivan International Airport	Nakhchivan	39.188801	45.458401
NAL	URMN	Nalchik Airport	Nalchik	43.512901	43.6366
NAM	WAPN	Namniwel Airport	Namniwel	-3.143159	126.976469
NAN	NFFN	Nadi International Airport	Nadi	-17.761822	177.437843
NAO	ZUNC	Nanchong Gaoping Airport	Nanchong (Gaoping)	30.798104	106.16415
NAP	LIRN	Naples International Airport	Napoli	40.886002	14.2908
NAQ	BGQQ	Qaanaaq Airport	Qaanaaq	77.488602	-69.388702
NAS	MYNN	Lynden Pindling International Airport	Nassau	25.039	-77.466202
NAT		Rio Grande do Norte/São Gonçalo do Amarante–Governador Aluízio Alves International Airport	Natal	-5.769822	-35.36661
NAU	NTGN	Napuka Island Airport	Napuka Island	-14.177397	-141.266112
NAV	LTAZ	Nevşehir Kapadokya Airport	Nevşehir	38.7719	34.5345
NAW	VTSC	Narathiwat Airport		6.5199198722839355	101.74299621582031
NBC	UWKE	Begishevo Airport	Nizhnekamsk	55.564701	52.092499
NBE	DTNH	Enfidha - Hammamet International Airport	Enfidha	36.075833	10.438611
NBJ	FNBJ	Dr. Antonio Agostinho Neto International Airport	Luanda (Ícolo e Bengo)	-9.050734	13.499078
NBN	FGAN	Annobón Airport	San Antonio de Palé	-1.408615	5.624163
NBO	HKJK	Jomo Kenyatta International Airport	Nairobi	-1.318886	36.928233
NBS	ZYBS	Changbaishan Airport	Baishan	42.066944	127.602222
NCA	MBNC	North Caicos Airport	North Caicos	21.916094	-71.942954
NCE	LFMN	Nice-Côte d'Azur Airport	Nice, Alpes-Maritimes	43.658401	7.21587
NCL	EGNT	Newcastle International Airport	Newcastle upon Tyne, Tyne and Wear	55.037958	-1.689577
NCN	PFCB	Chenega Bay Airport	Chenega	60.077602	-147.99468
NCU	UZNN	Nukus International Airport	Nukus	42.4884	59.623299
NCY	LFLP	Annecy Meythet airport	Annecy	45.928947	6.0987
NDB	GQPP	Nouadhibou International Airport	Nouadhibou	20.932404	-17.030199
NDC		Nanded Airport	Nanded	19.1833	77.316704
NDG	ZYQQ	Qiqihar Sanjiazi Airport	Qiqihar	47.229969	123.914179
NDJ	FTTJ	N'Djamena International Airport	N'Djamena	12.1337	15.034
NDR	GMMW	Nador Al Aaroui International Airport	Al Aaroui	34.9888	-3.02821
NDU	FYRU	Rundu Airport	Rundu	-17.956499	19.7194
NDY	EGES	Sanday Airport	Sanday	59.250301	-2.57667
NEC	SAZO	Necochea Airport	Necochea	-38.490746	-58.816337
NER	UELL	Chulman Airport	Neryungri	56.913898468018	124.91400146484
NEV	TKPN	Vance W. Amory International Airport	Charlestown	17.2057	-62.589901
NFG	USRN	Nefteyugansk Airport	Nefteyugansk	61.108299	72.650002
NGB	ZSNB	Ningbo Lishe International Airport	Ningbo	29.82670021057129	121.46199798583984
NGE	FKKN	N'Gaoundéré Airport	N'Gaoundéré	7.3570098876953125	13.559200286865234
NGI	NFNG	Ngau Airport	Ngau	-18.115600585899998	179.339996338
NGK	UHSN	Nogliki Airport	Nogliki	51.783955	143.141785
NGO	RJGG	Chubu Centrair International Airport	Tokoname	34.858398	136.804993
NGQ	ZUAL	Ngari Gunsa Airport	Shiquanhe	32.09794	80.053971
NGS	RJFU	Nagasaki Airport	Nagasaki	32.916901	129.914001
NHV	NTMD	Nuku Hiva Airport	Nuku Hiva	-8.7956	-140.229004
NIB	PAFS	Nikolai Airport	Nikolai	63.017949	-154.360399
NIM	DRRN	Diori Hamani International Airport	Niamey	13.4815	2.18361
NIQ		Niaqornat Heliport	Niaqornat	70.789385	-53.662945
NIU	NTKN	Naiu Airport	Naiu Atoll	-16.119296	-146.368768
NJC	USNN	Nizhnevartovsk Airport	Nizhnevartovsk	60.949299	76.483597
NJF	ORNI	Al Najaf International Airport	Najaf	31.991116	44.405019
NKC	GQNO	Nouakchott–Oumtounsy International Airport	Nouakchott	18.31	-15.969722
NKG	ZSNJ	Nanjing Lukou International Airport	Nanjing	31.735032	118.865949
NKI		Naukati Bay Seaplane Base	Tuxekan Island	55.849602	-133.227994
NKM	RJNA	Nagoya Airport / JASDF Komaki Air Base	Nagoya	35.255759	136.924095
NKT	LTCV	Şırnak Şerafettin Elçi Airport	Şırnak	37.3647	42.0582
NLA	FLSK	Simon Mwansa Kapwepwe International Airport	Ndola	-12.96513	28.515624
NLD	MMNL	Quetzalcóatl International Airport	Nuevo Laredo	27.443899	-99.570503
NLF	YDNI	Darnley Island Airport	Darnley Island	-9.579176	143.780276
NLG	PAOU	Nelson Lagoon Airport	Nelson Lagoon	56.0075	-161.160004
NLH	ZPNL	Ninglang Luguhu Airport	Ninglang	27.5403	100.7593
NLI	UHNN	Nikolayevsk-na-Amure Airport	Nikolayevsk-na-Amure Airport	53.154999	140.649994
NLK	YSNF	Norfolk Island International Airport	Burnt Pine	-29.041759	167.939474
NLT	ZWNL	Xinyuan Nalati Airport	Xinyuan	43.4318	83.3786
NLU	MMSM	Felipe Ángeles International Airport	Mexico City	19.743824	-99.01507
NMA	UZFN	Namangan International Airport	Namangan	40.984622	71.5578
NME	PAGT	Nightmute Airport	Nightmute	60.469129	-164.70407
NMF		Maafaru International Airport	Noonu Atoll	5.817407	73.468404
NMI	VANM	Navi Mumbai International Airport	Navi Mumbai	18.984597	73.065253
NNB	AGGT	Santa Ana Airport	Santa Ana Island	-10.847994	162.454108
NNG	ZGNN	Nanning Wuxu International Airport	Nanning (Jiangnan)	22.598071	108.181922
NNM	ULAM	Naryan Mar Airport	Naryan Mar	67.639999	53.121899
NNR	EICA	Connemara Regional Airport	Inverin	53.23030090332031	-9.467780113220215
NNT	VTCN	Nan Airport		18.807899475097656	100.78299713134766
NNY	ZHNY	Nanyang Jiangying Airport	Nanyang (Wancheng)	32.982696	112.617467
NOB	MRNS	Nosara Airport	Nicoya	9.976490020750001	-85.65299987790002
NOC	EIKN	Ireland West Airport Knock	Charlestown	53.910439	-8.817002
NOD	EDWS	Norden-Norddeich Airport	Norddeich	53.633057	7.190278
NOJ	USRO	Noyabrsk Airport	Noyabrsk	63.18330001831055	75.2699966430664
NOP	LTCM	Sinop Airport	Sinop	42.018313	35.071774
NOS	FMNN	Nosy Be International Airport	Nosy Be	-13.3121	48.3148
NOU	NWWW	La Tontouta International Airport	Nouméa (La Tontouta)	-22.014601	166.212997
NOV	FNHU	Albano Machado Airport	Huambo	-12.8089	15.7605
NOZ	UNWW	Spichenkovo Airport	Novokuznetsk	53.811401	86.877197
NPE	NZNR	Hawke's Bay Airport	Napier	-39.465801	176.869995
NPL	NZNP	New Plymouth Airport	New Plymouth	-39.00859832763672	174.1790008544922
NPO	WIOG	Nanga Pinoh Airport	Nanga Pinoh-Borneo Island	-0.34864	111.746155
NPT	KUUU	Newport State Airport	Newport	41.532207	-71.281039
NQN	SAZN	Presidente Perón International Airport	Neuquén	-38.949001	-68.155701
NQU	SKNQ	Reyes Murillo Airport	Nuquí	5.710348	-77.261868
NQY	EGHQ	Cornwall Airport Newquay	Newquay	50.440601	-4.99541
NQZ	UACC	Nursultan Nazarbayev International Airport	Astana	51.027035	71.467094
NRA	YNAR	Narrandera Airport	Narrandera	-34.7022018433	146.511993408
NRD	EDWY	Norderney Airport	Norderney	53.706944	7.23
NRK	ESSP	Norrköping Airport	Norrköping	58.586299896240234	16.250600814819336
NRL	EGEN	North Ronaldsay Airport	North Ronaldsay	59.3675003052	-2.43443989754
NRN	EDLV	Weeze (Niederrhein) Airport	Weeze	51.601362	6.141228
NRR	TJRV	José Aponte de la Torre Airport	Ceiba	18.247262	-65.63979
NRT	RJAA	Narita International Airport	Narita	35.76858	140.388714
NSB		Bimini North Seaplane Base	Bimini	25.767	-79.25
NSH	OINN	Nowshahr Airport	Nowshahr	36.664286	51.46273
NSI	FKYS	Yaoundé Nsimalen International Airport	Yaoundé	3.72256	11.5533
NSK	UOOO	Alykel International Airport	Norilsk	69.307951	87.325906
NSN	NZNS	Nelson Airport	Nelson	-41.298302	173.220993
NST	VTSF	Nakhon Si Thammarat Airport	Nakhon Si Thammarat	8.539620399475098	99.9447021484375
NTE	LFRS	Nantes Atlantique Airport	Nantes	47.153198	-1.61073
NTG	ZSNT	Nantong Xingdong International Airport	Nantong (Tongzhou)	32.073566	120.980076
NTL	YWLM	Newcastle Airport	Williamtown	-32.796114	151.835025
NTN	YNTN	Normanton Airport	Normanton	-17.68409	141.069664
NTQ	RJNW	Noto Satoyama Airport	Wajima	37.293098	136.962006
NTT	NFTP	Kuini Lavenia Airport	Niuatoputapu	-15.977297	-173.791089
NTX		Ranai Airport	Ranai-Natuna Besar Island	3.90871	108.388
NUE	EDDN	Nuremberg Airport	Nuremberg	49.498699	11.078056
NUI	PAQT	Nuiqsut Airport	Nuiqsut	70.209999	-151.005998
NUL	PANU	Nulato Airport	Nulato	64.729301	-158.074005
NUM	OENN	Neom Bay Airport	Sharma	27.924261	35.29358
NUP		Nunapitchuk Airport	Nunapitchuk	60.905591	-162.440454
NUS	NVSP	Norsup Airport	Norsup	-16.0797	167.401001
NUX	USMU	Novy Urengoy Airport	Novy Urengoy	66.06939697265625	76.52030181884766
NVA	SKNV	Benito Salas Airport	Neiva	2.95015	-75.294
NVI	UZSA	Navoi International Airport	Navoi	40.117599	65.172658
NVT	SBNF	Ministro Victor Konder International Airport	Navegantes	-26.879431	-48.650979
NWI	EGSH	Norwich Airport	Norwich, Norfolk	52.6758	1.28278
NYA	USHN	Nyagan Airport	Nyagan	62.110001	65.614998
NYI	DGSN	Sunyani Airport	Sunyani	7.36183	-2.32876
NYK	HKNL	Nanyuki Civil Airport	Gathiuru	-0.062352	37.041296
NYM	USMM	Nadym Airport	Nadym	65.48090362548828	72.69889831542969
NYO	ESKN	Stockholm Skavsta Airport	Nyköping	58.789656	16.911479
NYS		New York Skyports Inc Seaplane Base	New York	40.735061	-73.972814
NYT	VYNT	Nay Pyi Taw International Airport	Naypyitaw	19.623501	96.200996
NYU	VYBG	Bagan Airport	Nyaung U	21.178800582885742	94.9301986694336
NZC	SPZA	Maria Reiche Neuman Airport	Nazca	-14.854	-74.961502
NZG		Nizhneangarsk International Airport	Nizhneangarsk	55.8008	109.595001
NZH	ZBMZ	Manzhouli Xijiao Airport	Manzhouli	49.566667	117.33
NZL	ZBZL	Zhalantun Genghis Khan Airport	Zhalantun	47.865942	122.768662
OAJ	KOAJ	Albert J Ellis Airport	Richlands	34.829201	-77.612099
OAK	KOAK	Oakland San Francisco Bay Airport	Oakland	37.720085	-122.221184
OAL	SSKW	Cacoal Airport	Cacoal	-11.496	-61.4508
OAX	MMOX	Xoxocotlán International Airport	Oaxaca	16.998773	-96.726092
OBN	EGEO	Oban Airport	North Connel	56.463501	-5.39967
OBO	RJCB	Tokachi-Obihiro Airport	Obihiro	42.7332992554	143.216995239
OBU	PAOB	Kobuk Airport	Kobuk	66.9123	-156.897003
OBX	AYOB	Obo Airport	Obo	-7.590622421369999	141.324262619
OBY		Ittoqqortoormiit Heliport	Ittoqqortoormiit	70.488229	-21.97168
OCC	SECO	Francisco De Orellana Airport	Coca	-0.462886	-76.986801
OCE	KOXB	Ocean City Municipal Airport	Ocean City	38.310398	-75.124001
OCJ	MKBS	Ian Fleming International Airport	Boscobel	18.404079	-76.969754
OCS	FGCO	Corisco International Airport	Corisco Island	0.910937	9.33027
ODB	LEBA	Córdoba Airport	Córdoba	37.841999	-4.84888
ODE	EKOD	Odense Hans Christian Andersen Airport	Odense	55.475307	10.327206
ODN	WBGI	Long Seridan Airport	Long Seridan	3.976087	115.067303
ODO	UIKB	Bodaybo Airport	Bodaybo	57.866100311299995	114.242996216
ODY	VLOS	Oudomsay Airport	Oudomsay	20.68269920349121	101.99400329589844
OEC	WPOC	Oecusse Route of the Sandalwood International Airport	Oecussi-Ambeno	-9.198419	124.337873
OER	ESNO	Örnsköldsvik Airport	Örnsköldsvik	63.40829849243164	18.989999771118164
OES	SAVN	Antoine de Saint Exupéry Airport	San Antonio Oeste	-40.7512	-65.0343
OFU	NSAS	Ofu Airport	Ofu	-14.1844	-169.669998
OGD	KOGD	Ogden Hinckley Airport	Ogden	41.195899963379	-112.0120010376
OGG	PHOG	Kahului International Airport	Kahului	20.896263	-156.431837
OGL	SYEC	Eugene F. Correia International Airport	Ogle	6.805881	-58.107657
OGN	ROYN	Yonaguni Airport	Yonaguni	24.467298	122.979827
OGS	KOGS	Ogdensburg International Airport	Ogdensburg	44.6819	-75.4655
OGU	LTCB	Ordu–Giresun Airport	Ordu	40.966872	38.085995
OGX	DAUU	Ain Beida Airport	Ouargla	31.9172	5.41278
OGZ	URMO	Vladikavkaz Beslan International Airport	Beslan	43.205101	44.606602
OHD	LWOH	Ohrid St. Paul the Apostle Airport	Ohrid	41.18	20.7423
OHE	ZYMH	Mohe Gulian Airport	Mohe	52.916871	122.422759
OHO	UHOO	Okhotsk Airport	Okhotsk	59.410065	143.056503
OHS	OOSH	Suhar International Airport	Suhar	24.38604	56.62541
OIM	RJTO	Oshima Airport	Izu Oshima	34.782001495399996	139.36000061
OIR	RJEO	Okushiri Airport	Okushiri Island	42.0717010498	139.432998657
OIT	RJFO	Oita Airport	Oita	33.479400634799994	131.736999512
OJU	WAFU	Tanjung Api Airport	Tojo Una-Una	-0.865437	121.628625
OKA	ROAH	Naha International Airport	Naha	26.192437	127.639804
OKC	KOKC	OKC Will Rogers World Airport	Oklahoma City	35.393388	-97.598248
OKD	RJCO	Sapporo Okadama Airport	Sapporo	43.117447	141.38134
OKE	RJKB	Okinoerabu Airport	Wadomari	27.431604	128.705564
OKI	RJNO	Oki Global Geopark Airport	Okinoshima	36.178388	133.323566
OKJ	RJOB	Okayama Momotaro Airport	Okayama	34.756901	133.854996
OKL	WAJO	Oksibil Airport	Oksibil	-4.9071	140.6277
OKR	YYKI	Yorke Island Airport	Yorke Island	-9.752801	143.405673
OKY	YBOK	Oakey Army Aviation Centre		-27.409262	151.736727
OLA	ENOL	Ørland Airport	Ørland	63.69889831542969	9.604000091552734
OLB	LIEO	Olbia Costa Smeralda Airport	Olbia (SS)	40.898953	9.518457
OLF	KOLF	L M Clayton Airport	Wolf Point	48.094501	-105.574997
OLH		Old Harbor Airport	Old Harbor	57.218102	-153.270004
OLJ	NVSZ	North West Santo Airport	Olpoi	-14.881699562099998	166.557998657
OLM	KOLM	Olympia Regional Airport	Olympia	46.969399	-122.903
OLP	YOLD	Olympic Dam Airport	Olympic Dam	-30.483861	136.876699
OLZ	UEMO	Olyokminsk Airport	Olyokminsk	60.401833	120.476094
OMA	KOMA	Eppley Airfield	Omaha	41.3032	-95.894096
OMD	FYOG	Oranjemund Airport	Oranjemund	-28.585318	16.44638
OME	PAOM	Nome Airport	Nome	64.51219940185547	-165.44500732421875
OMH	OITR	Urmia Airport	Urmia	37.6680984497	45.0686988831
OMN	UZTZ	Zomin Airport	Zomin	40.01402	68.41103
OMO	LQMO	Mostar International Airport	Mostar	43.282489	17.846101
OMR	LROD	Oradea International Airport	Oradea	47.025299	21.9025
OMS	UNOO	Omsk Central Airport	Omsk	54.963124	73.312418
OND	FYOA	Ondangwa Airport	Ondangwa	-17.878201	15.9526
ONG	YMTI	Mornington Island Airport		-16.662500381469727	139.17799377441406
ONJ	RJSR	Odate Noshiro Airport	Kitaakita	40.191898	140.371002
ONQ	LTAS	Zonguldak Çaycuma Airport	Zonguldak	41.506401	32.0886
ONT	KONT	Ontario International Airport	Ontario	34.056	-117.600998
ONX	MPEJ	Enrique Adolfo Jimenez Airport	Colón	9.35664	-79.867401
OOK	PAOO	Toksook Bay Airport	Toksook Bay	60.541401	-165.087006
OOL	YBCG	Gold Coast Airport	Gold Coast	-28.165962	153.506641
OOM	YCOM	Cooma Snowy Mountains Airport	Cooma	-36.300445	148.972408
OPF	KOPF	Miami-Opa Locka Executive Airport	Miami	25.907	-80.278397
OPO	LPPR	Francisco de Sá Carneiro Airport	Porto	41.2481002808	-8.68138980865
OPP		Salinópolis Airport	Salinópolis	-0.696111	-47.336111
OPS	SBSI	Presidente João Batista Figueiredo Airport	Sinop	-11.885001	-55.586109
OPU	AYBM	Balimo Airport	Balimo	-8.05000019073	142.932998657
ORB	ESOE	Örebro Airport	Örebro	59.22370147705078	15.038000106811523
ORD	KORD	Chicago O'Hare International Airport	Chicago	41.9786	-87.9048
ORF	KORF	Norfolk International Airport	Norfolk	36.895341	-76.201
ORG	SMZO	Zorg en Hoop Airport	Paramaribo	5.811211	-55.192299
ORH	KORH	Worcester Regional Airport	Worcester	42.2673	-71.875702
ORI		Port Lions Airport	Port Lions	57.884905	-152.847719
ORK	EICK	Cork International Airport	Cork	51.841301	-8.49111
ORN	DAOO	Oran Es-Sénia (Ahmed Ben Bella) International Airport	Es-Sénia	35.620648	-0.622486
ORT	PAOR	Northway Airport	Northway	62.9613	-141.929001
ORU	SLOR	Juan Mendoza International Airport	Oruro	-17.956151	-67.075829
ORV	PFNO	Robert (Bob) Curtis Memorial Airport	Noorvik	66.817902	-161.018997
ORY	LFPO	Paris-Orly Airport	Paris (Orly, Val-de-Marne)	48.729499	2.358963
ORZ		H.E Alfredo Martinez (Tower Hill) Airstrip	Orange Walk	18.046767	-88.583858
OSD	ESNZ	Åre Östersund Airport	Östersund	63.193546	14.504168
OSI	LDOS	Osijek Airport	Osijek(Klisa)	45.462355	18.811278
OSL	ENGM	Oslo-Gardermoen International Airport	Oslo (Gardermoen)	60.193901	11.1004
OSR	LKMT	Leoš Janáček Airport Ostrava	Mošnov	49.696301	18.111099
OSS	UCFO	Osh International Airport	Osh	40.609001	72.793297
OST	EBOS	Ostend-Bruges International Airport	Oostende	51.1998	2.874673
OSW	UWOR	Orsk Airport	Orsk	51.072498	58.5956
OSY	ENNM	Namsos Airport	Namsos	64.472198	11.5786
OTD		Raul Arias Espinoza Airport	Contadora Island	8.62876	-79.034698
OTH	KOTH	Southwest Oregon Regional Airport	North Bend	43.41709899902344	-124.24600219726562
OTP	LROP	Bucharest Henri Coandă International Airport	Otopeni	44.571792	26.103285
OTS		Anacortes Airport	Anacortes	48.498513	-122.662513
OTZ	PAOT	Ralph Wien Memorial Airport	Kotzebue	66.88469696	-162.598999
OUA	DFFD	Ouagadougou Thomas Sankara International Airport	Ouagadougou	12.3532	-1.51242
OUD	GMFO	Oujda Angads Airport	Ahl Angad	34.789558	-1.926041
OUI	LFEC	Ouessant Airport	Ushant	48.4632	-5.06358
OUL	EFOU	Oulu Airport	Oulu / Oulunsalo	64.930099	25.354601
OUZ	GQPZ	Tazadit Airport	Zouérate	22.757345	-12.482228
OVB	UNNT	Novosibirsk Tolmachevo Airport	Novosibirsk	55.019756	82.618675
OVD	LEAS	Asturias Airport	Ranón	43.563599	-6.03462
OVS	USHS	Sovetskiy Airport	Sovetskiy	61.326622009277344	63.60191345214844
OWB	KOWB	Owensboro Daviess County Airport	Owensboro	37.74010086	-87.16680145
OXB	GGOV	Osvaldo Vieira International Airport	Bissau	11.894262	-15.653596
OYE	FOGO	Oyem Airport	Oyem	1.5431100130081177	11.581399917602539
OZC	RPMO	Labo Airport	Ozamiz	8.17851	123.842003
OZG	GMAZ	Zagora Airport	Zagora	30.265788	-5.860808
OZZ	GMMZ	Ouarzazate International Airport	Ouarzazate	30.9391	-6.90943
PAB	VEBU	Bilaspur Airport	Bilaspur	21.9884	82.111
PAC	MPMG	Marcos A. Gelabert International Airport	Albrook	8.97334	-79.555603
PAD	EDLP	Paderborn Lippstadt Airport	Büren	51.612527	8.617459
PAE	KPAE	Seattle Paine Field International Airport	Everett	47.9063	-122.281998
PAG	RPMP	Pagadian Airport	Pagadian	7.825632	123.459635
PAH	KPAH	Barkley Regional Airport	Paducah	37.06079864501953	-88.7738037109375
PAP	MTPP	Toussaint Louverture International Airport	Port-au-Prince	18.580023	-72.292596
PAS	LGPA	Paros National Airport	Paros	37.020495	25.113195
PAT	VEPT	Jay Prakash Narayan Airport	Patna	25.591299	85.087997
PAV	SBUF	Paulo Afonso Airport	Paulo Afonso	-9.40088	-38.250599
PAZ	MMPA	El Tajín National Airport	Poza Rica	20.6026992798	-97.46080017090001
PBC	MMPB	Hermanos Serdán International Airport	Puebla	19.158465	-98.371582
PBD	VAPR	Porbandar Airport	Porbandar	21.649524	69.656405
PBG	KPBG	Plattsburgh International Airport	Plattsburgh	44.650902	-73.468102
PBH	VQPR	Paro International Airport	Paro	27.4032	89.424599
PBI	KDJT	President Donald J. Trump International Airport	West Palm Beach	26.683201	-80.095596
PBJ	NVSI	Tavie Airport	Paama Island	-16.431955	168.235511
PBM	SMJP	Johan Adolf Pengel International Airport	Paramaribo	5.45283	-55.187801
PBO	YPBO	Paraburdoo Airport	Paraburdoo	-23.1711006165	117.745002747
PBR	MGPB	Puerto Barrios Airport	Puerto Barrios	15.7309	-88.583801
PBU	VYPT	Putao Airport	Putao	27.32990074157715	97.42630004882812
PCL	SPCL	Cap FAP David Abenzur Rengifo International Airport	Pucallpa	-8.378064	-74.574495
PCN	NZPN	Picton Aerodrome	Koromiko	-41.346099853516	173.95599365234
PCP	FPPR	Principe Airport	São Tomé & Príncipe	1.661155	7.411081
PCR	SKPC	German Olano Airport	Puerto Carreño	6.18472	-67.4932
PDA	SKPD	Obando Cesar Gaviria Trujillo Airport	Puerto Inírida	3.85353	-67.9062
PDB		Pedro Bay Airport	Pedro Bay	59.796925	-154.129994
PDG	WIEE	Minangkabau International Airport	Padang (Katapiang)	-0.785964	100.280384
PDK	KPDK	DeKalb Peachtree Airport	Atlanta	33.87633	-84.30213
PDL	LPPD	João Paulo II Airport	Ponta Delgada	37.7411994934	-25.6979007721
PDM		Capt. J. Montenegro Airport	Pedasí	7.534801	-80.043347
PDO	WIPQ	Pendopo Airport	Talang Gudang-Sumatra Island	-3.2860701084136963	103.87999725341797
PDP	SULS	Capitan Corbeta CA Curbelo International Airport	Punta del Este	-34.855099	-55.094299
PDS	MMPG	Piedras Negras International Airport	Piedras Negras	28.627873	-100.53524
PDT	KPDT	Eastern Oregon Regional Airport at Pendleton	Pendleton	45.695099	-118.841003
PDV	LBPD	Plovdiv International Airport	Plovdiv	42.067799	24.8508
PDX	KPDX	Portland International Airport	Portland	45.588699	-122.598
PEC		Pelican Seaplane Base	Pelican	57.9552	-136.235992
PED	LKPD	Pardubice Airport	Pardubice	50.015049	15.73981
PEE	USPP	Perm International Airport	Perm	57.914501	56.021198
PEG	LIRZ	Perugia San Francesco d'Assisi – Umbria International Airport	Perugia (PG)	43.095901	12.5132
PEI	SKPE	Matecaña International Airport	Pereira	4.81267	-75.7395
PEK	ZBAA	Beijing Capital International Airport	Beijing	40.077349	116.596702
PEM	SPTU	Padre Aldamiz International Airport	Puerto Maldonado	-12.6135997772	-69.2285995483
PEN	WMKP	Penang International Airport	Penang	5.296303	100.276185
PER	YPPH	Perth International Airport	Perth	-31.94029998779297	115.96700286865234
PES	ULPB	Petrozavodsk Airport	Petrozavodsk	61.885201	34.154701
PET	SBPK	João Simões Lopes Neto International Airport	Pelotas	-31.717189	-52.327796
PEU	MHPL	Puerto Lempira Airport	Puerto Lempira	15.2622	-83.781197
PEV	LHPP	Pécs-Pogány International Airport	Pécs	45.988891	18.242044
PEW	OPPS	Bacha Khan International Airport	Peshawar	33.9939	71.514603
PEX	UUYP	Pechora Airport	Pechora	65.121101	57.130798
PEZ	UWPP	Penza Airport	Penza	53.1106	45.021099
PFB	SBPF	Lauro Kurtz Airport	Passo Fundo	-28.243976	-52.32777
PFO	LCPH	Paphos International Airport	Paphos	34.717999	32.485699
PFQ	OITP	Parsabad-Moghan Airport	Parsabad	39.6036	47.8815
PFR	FZVS	Ilebo Airport	Ilebo	-4.329919	20.590124
PGA	KPGA	Page Municipal Airport	Page	36.924234	-111.447716
PGD	KPGD	Punta Gorda Airport	Punta Gorda	26.9202	-81.990501
PGF	LFMP	Perpignan-Rivesaltes (Llabanère) Airport	Perpignan/Rivesaltes	42.740398	2.87067
PGH	VIPT	Pantnagar Airport	Pantnagar	29.0334	79.473701
PGK	WIKK	Depati Amir Airport	Pangkal Pinang	-2.1622	106.139
PGM		Port Graham Airport	Port Graham	59.348355	-151.830025
PGU	OIBP	Persian Gulf International Airport	Khiyaroo	27.379601	52.737701
PGV	KPGV	Pitt-Greenville Airport	Greenville	35.635535	-77.384262
PGZ	SBPG	Ponta Grossa Airport - Comandante Antonio Amilton Beraldo	Ponta Grossa	-25.184476	-50.143822
PHB	SBPB	Parnaíba - Prefeito Doutor João Silva Filho International Airport	Parnaíba	-2.89375	-41.731998
PHC	DNPO	Port Harcourt International Airport	Port Harcourt	5.01549	6.94959
PHE	YPPD	Port Hedland International Airport	Port Hedland	-20.382787	118.629789
PHF	KPHF	Newport News Williamsburg International Airport	Newport News	37.131901	-76.492996
PHG	DNPM	Port Harcourt City Airport / Port Harcourt Air Force Base	Port Harcourt	4.846111	7.021389
PHH		Pokhara International Airport	Pokhara	28.1838	84.0147
PHL	KPHL	Philadelphia International Airport	Philadelphia	39.871899	-75.241096
PHO	PAPO	Point Hope Airport	Point Hope	68.348801	-166.798996
PHS	VTPP	Phitsanulok Airport	Phitsanulok	16.7829	100.278999
PHW	FAPH	Hendrik Van Eck Airport	Phalaborwa	-23.937200546299998	31.1553993225
PHX	KPHX	Phoenix Sky Harbor International Airport	Phoenix	33.435302	-112.005905
PHY	VTPB	Phetchabun Airport		16.6760005951	101.194999695
PIA	KPIA	General Wayne A. Downing Peoria International Airport	Peoria	40.663841	-89.692631
PIB	KPIB	Hattiesburg Laurel Regional Airport	Moselle	31.4671	-89.337097
PIE	KPIE	St. Petersburg Clearwater International Airport	Pinellas Park	27.9102	-82.687401
PIH	KPIH	Pocatello Regional Airport	Pocatello	42.9098014831543	-112.59600067138672
PIK	EGPK	Glasgow Prestwick Airport	Prestwick, South Ayrshire	55.501499	-4.577182
PIP	PAPN	Pilot Point Airport	Pilot Point	57.580399	-157.572006
PIR	KPIR	Pierre Regional Airport	Pierre	44.38270187	-100.2860031
PIS	LFBI	Poitiers-Biard Airport	Poitiers/Biard	46.5877	0.306666
PIT	KPIT	Pittsburgh International Airport	Pittsburgh	40.491501	-80.232903
PIU	SPUR	PAF Captain Guillermo Concha Iberico International Airport	Piura	-5.20575	-80.616402
PIX	LPPI	Pico Airport	Pico Island	38.554298	-28.441299
PIZ	PPIZ	Point Lay LRRS Airport	Point Lay	69.732903	-163.005005
PJA	ESUP	Pajala Airport	Pajala	67.244569	23.074894
PJM	MRPJ	Puerto Jimenez Airport	Puerto Jimenez	8.533329963684082	-83.30000305175781
PKA	PAPK	Napaskiak Airport	Napaskiak	60.7029	-161.778
PKB	KPKB	Mid Ohio Valley Regional Airport	Parkersburg (Williamstown)	39.3451	-81.439201
PKC	UHPP	Yelizovo Airport	Petropavlovsk-Kamchatsky	53.168716	158.451068
PKE	YPKS	Parkes Airport	Parkes	-33.131401062	148.238998413
PKG	WMPA	Pulau Pangkor Airport	Pangkor Island	4.244719982147217	100.5530014038086
PKN	WAGI	Iskandar Airport	Pangkalanbun	-2.7052	111.672997
PKP	NTGP	Puka Puka Airport		-14.80955	-138.812621
PKR	VNPK	Pokhara Domestic Airport	Pokhara	28.200621	83.981203
PKU	WIBB	Sultan Syarif Kasim II International Airport / Roesmin Nurjadin AFB	Pekanbaru	0.458647	101.444321
PKV	ULOO	Princess Olga Pskov International Airport	Pskov	57.781316	28.39384
PKX	ZBAD	Beijing Daxing International Airport	Beijing	39.501289	116.413967
PKY	WAGG	Tjilik Riwut Airport	Palangkaraya	-2.227146	113.943388
PKZ	VLPS	Pakse International Airport	Pakse	15.133973	105.779871
PLJ	MZPL	Placencia Airport	Placencia	16.536957	-88.361511
PLM	WIPP	Sultan Mahmud Badaruddin II Airport	Palembang	-2.897653	104.698147
PLN	KPLN	Pellston Regional Airport of Emmet County Airport	Pellston	45.57089996	-84.79669952
PLO	YPLC	Port Lincoln Airport	Port Lincoln	-34.6053009033	135.880004883
PLQ	EYPA	Palanga International Airport	Palanga	55.973202	21.093901
PLS	MBPV	Providenciales International Airport	Providenciales	21.773697	-72.268321
PLW	WAFF	Mutiara - SIS Al-Jufrie Airport	Palu	-0.916462	119.908647
PLX	UASS	Semei International Airport	Semey	50.351295	80.234398
PLZ	FAPE	Chief Dawid Stuurman International Airport	Gqeberha (Port Elizabeth)	-33.989715	25.617353
PMC	SCTE	El Tepual International Airport	Puerto Montt	-41.443093	-73.094065
PMF	LIMP	Parma Airport	Parma (PR)	44.826351	10.29705
PMG	SBPP	Ponta Porã Airport	Ponta Porã	-22.549601	-55.702599
PMI	LEPA	Palma de Mallorca Airport	Palma de Mallorca	39.551701	2.73881
PMK	YPAM	Palm Island Airport		-18.755301	146.580994
PMO	LICJ	Falcone–Borsellino Airport	Palermo	38.175999	13.091
PMQ	SAWP	Perito Moreno Jalil Hamer Airport	Perito Moreno	-46.537899	-70.978699
PMR	NZPM	Palmerston North Airport	Palmerston North	-40.320599	175.617004
PMV	SVMG	Del Caribe Santiago Mariño International Airport	Isla Margarita	10.912603	-63.966599
PMW	SBPJ	Brigadeiro Lysias Rodrigues Airport	Palmas	-10.2915	-48.356998
PMY	SAVY	El Tehuelche Airport	Puerto Madryn	-42.7592	-65.1027
PNA	LEPP	Pamplona Airport	Pamplona	42.77	-1.64633
PND		Punta Gorda Airport	Punta Gorda	16.1024	-88.808296
PNI	PTPN	Pohnpei International Airport	Pohnpei Island	6.985082	158.20992
PNK	WIOO	Supadio International Airport	Pontianak	-0.152258	109.404493
PNL	LICG	Pantelleria Airport	Pantelleria (TP)	36.816502	11.9689
PNP	AYGR	Girua Airport	Popondetta	-8.80453968048	148.309005737
PNQ	VAPO	Pune International Airport	Pune	18.5821	73.919701
PNR	FCPP	Antonio Agostinho-Neto International Airport	Pointe Noire	-4.81603	11.8866
PNS	KPNS	Pensacola International Airport	Pensacola	30.472718	-87.186639
PNT	SCNT	Lieutenant Julio Gallardo Airport	Puerto Natales	-51.67067	-72.529078
PNY	VOPC	Pondicherry Airport	Puducherry (Pondicherry)	11.968	79.812
PNZ	SBPL	Senador Nilo Coelho Airport	Petrolina	-9.362422	-40.569098
POA	SBPA	Porto Alegre-Salgado Filho International Airport	Porto Alegre	-29.993984	-51.167482
POG	FOOG	Port Gentil International Airport	Port Gentil	-0.711739	8.75438
POL	FQPB	Pemba Airport	Pemba	-12.993302	40.524867
POM	AYPY	Port Moresby Jacksons International Airport	Port Moresby	-9.443380355834961	147.22000122070312
POP	MDPP	Gregorio Luperon International Airport	Puerto Plata	19.7579	-70.57
POR	EFPO	Pori Airport	Pori	61.4617	21.799999
POS	TTPP	Piarco International Airport	Port of Spain	10.59535	-61.337568
POZ	EPPO	Poznań-Ławica Airport	Poznań	52.421598	16.823359
PPB	SBDN	Presidente Prudente Airport	Presidente Prudente	-22.1751	-51.424599
PPE	MMPE	Mar de Cortés International Airport	Puerto Peñasco	31.351987	-113.305177
PPG	NSTU	Pago Pago International Airport	Pago Pago	-14.331	-170.710007
PPK	UACP	Petropavl International Airport	Petropavl	54.775622	69.187415
PPN	SKPP	Guillermo León Valencia Airport	Popayán	2.454359	-76.609253
PPP	YBPN	Proserpine Whitsunday Coast Airport	Proserpine	-20.494416	148.553583
PPS	RPVP	Puerto Princesa International Airport / PAF Antonio Bautista Air Base	Puerto Princesa	9.742044	118.75911
PPT	NTAA	Fa'a'ā International Airport	Papeete	-17.553472	-149.606936
PPV		Port Protection Seaplane Base	Port Protection	56.3288	-133.610001
PPW	EGEP	Papa Westray Airport	Papa Westray, Orkney Islands	59.351012	-2.900353
PQC	VVPQ	Phú Quốc International Airport	Phu Quoc Island	10.169783	103.99353
PQI	KPQI	Presque Isle International Airport	Presque Isle	46.688999	-68.0448
PQQ	YPMQ	Port Macquarie Airport	Port Macquarie	-31.4358005524	152.863006592
PQS		Pilot Station Airport	Pilot Station	61.96169	-162.941944
PQT		Qeqertaq Heliport	Qeqertaq	69.995861	-51.300917
PRA	SAAP	General Urquiza Airport	Parana	-31.7948	-60.4804
PRC	KPRC	Prescott Regional Airport - Ernest A. Love Field	Prescott	34.653502	-112.419883
PRG	LKPR	Václav Havel Airport Prague	Prague	50.100874	14.259911
PRI	FSPP	Praslin Island Airport	Praslin Island	-4.319256	55.691561
PRM	LPPM	Portimão Airport	Portimão	37.1493	-8.58396
PRN	BKPR	Priština Adem Jashari International Airport	Prishtina	42.5728	21.035801
PSA	LIRP	Pisa International Airport	Pisa (PI)	43.683899	10.3927
PSC	KPSC	Tri Cities Airport	Pasco	46.264702	-119.119003
PSD	HEPS	Port Said International Airport	Port Said	31.279285	32.240582
PSE	TJPS	Mercedita International Airport	Ponce	18.008301	-66.563004
PSG	PAPG	Petersburg James A Johnson Airport	Petersburg	56.80170059	-132.9450073
PSM	KPSM	Portsmouth International Airport at Pease	Portsmouth	43.0779	-70.823303
PSO	SKPS	Antonio Nariño Airport	Chachagüí	1.396722	-77.29093
PSP	KPSP	Palm Springs International Airport	Palm Springs	33.8297	-116.507004
PSR	LIBP	Abruzzo Airport	Pescara	42.431079	14.182981
PSS	SARP	Libertador Gral D Jose De San Martin Airport	Posadas	-27.3858	-55.9707
PSU	WIOP	Pangsuma Airport	Putussibau-Borneo Island	0.834579	112.940217
PSY	SFAL	Port Stanley Airport	Stanley	-51.685699	-57.777599
PSZ	SLPS	Capitán Av. Salvador Ogaya G. airport	Puerto Suárez	-18.975301	-57.820599
PTA	PALJ	Port Alsworth Airport	Port Alsworth	60.201681	-154.325863
PTD	PAAP	Port Alexander Seaplane Base	Port Alexander	56.246799	-134.647995
PTF	NFFO	Malolo Lailai Island Airport	Malolo Lailai Island	-17.778448	177.196996
PTG	FAPP	Polokwane International Airport	Polokwane	-23.845269	29.458615
PTH	PAPH	Port Heiden Airport	Port Heiden	56.957893	-158.630219
PTJ	YPOD	Portland Airport		-38.31809997558594	141.4709930419922
PTO		Juvenal Loureiro Cardoso Airport	Pato Branco	-26.217184	-52.694463
PTP	TFFR	Maryse Condé International Airport	Pointe-à-Pitre	16.265443	-61.532754
PTU	PAPM	Platinum Airport	Platinum	59.017675	-161.827927
PTY	MPTO	Tocumen International Airport	Tocumen	9.07136	-79.383499
PUB	KPUB	Pueblo Memorial Airport	Pueblo	38.289101	-104.497002
PUD	SAWD	Puerto Deseado Airport	Puerto Deseado	-47.7353	-65.9041
PUF	LFBP	Pau Pyrénées Airport	Pau/Pyrénées (Uzein)	43.380001	-0.418611
PUG	YPAG	Port Augusta Airport		-32.506900787353516	137.7169952392578
PUJ	MDPC	Punta Cana International Airport	Punta Cana	18.567093	-68.364558
PUQ	SCCI	President Carlos Ibáñez International Airport	Punta Arenas	-53.002602	-70.854599
PUR	SLPR	Puerto Rico Airport	Puerto Rico/Manuripi	-11.107663	-67.551155
PUS	RKPK	Gimhae International Airport	Busan	35.179501	128.938004
PUU	SKAS	Tres De Mayo Airport	Puerto Asís	0.505228	-76.5008
PUW	KPUW	Pullman-Moscow Regional Airport	Pullman	46.741601	-117.11163
PUY	LDPL	Pula Airport	Pula	44.893501	13.9222
PUZ	MNPC	Puerto Cabezas Airport	Puerto Cabezas	14.047200202941895	-83.38670349121094
PVA	SKPV	El Embrujo Airport	Providencia	13.357461	-81.357977
PVD	KPVD	Rhode Island T. F. Green International Airport	Providence/Warwick	41.725038	-71.425668
PVG	ZSPD	Shanghai Pudong International Airport	Shanghai (Pudong)	31.1434	121.805
PVH	SBPV	Governador Jorge Teixeira de Oliveira International Airport	Porto Velho	-8.708491	-63.902338
PVK	LGPZ	Aktion National Airport	Preveza	38.925499	20.765301
PVR	MMPR	Puerto Vallarta International Airport	Puerto Vallarta	20.679913	-105.254391
PVU	KPVU	Provo Municipal Airport	Provo	40.218894	-111.722445
PWE	UHMP	Pevek Airport	Apapelgino	69.783302	170.597
PWM	KPWM	Portland International Jetport	Portland	43.646198	-70.309303
PWQ	UASP	Pavlodar International Airport	Pavlodar	52.194982	77.073088
PXH	YPMH	Prominent Hill Airport	Mount Eba	-29.716	135.5244
PXM	MMPS	Puerto Escondido International Airport	Puerto Escondido	15.876808	-97.0891
PXO	LPPS	Porto Santo Airport	Vila Baleira	33.0733985901	-16.3500003815
PXR	VTUJ	Surin Airport	Surin	14.868300437927	103.49800109863
PXU	VVPK	Pleiku Airport	Pleiku	14.004500389099121	108.01699829101562
PYJ	UERP	Polyarny Airport	Yakutia	66.400398	112.029999
PYK	OIIP	Payam International Airport	Karaj	35.7761	50.826698
PYT		Pedro Rabelo de Souza Airport	Paracatu	-17.242599	-46.883099
PZB	FAPM	Pietermaritzburg Airport	Pietermaritzburg	-29.649000167799997	30.3987007141
PZE	EGHK	Penzance Heliport	Penzance, Cornwall	50.130376	-5.513946
PZH	OPZB	Zhob Airport	Fort Sandeman	31.358400344848633	69.4636001586914
PZI	ZUZH	Panzhihua Bao'anying Airport	Panzhihua (Renhe)	26.54	101.79852
PZO	SVPR	General Manuel Carlos Piar International Airport	Guyana City	8.28853	-62.760399
PZU	HSPN	Port Sudan New International Airport	Port Sudan	19.434558	37.234125
QBC	CYBD	Bella Coola Airport	Bella Coola	52.387501	-126.596001
QCU		Akunnaaq Heliport	Akunnaaq	68.744273	-52.340369
QFG		Eqalugaarsuit Heliport	Eqalugaarsuit	60.61972	-45.914062
QFI	BGIG	Iginniarfik Heliport	Iginniarfik	68.14583	-53.16916
QFN		Narsarmijit Heliport	Narsarmijit	60.004694	-44.656935
QFX		Igaliku Heliport	Igaliku	60.99229	-45.431428
QGQ		Attu Heliport	Attu	67.940663	-53.62187
QJE		Kitsissuarsuit Heliport	Kitsissuarsuit	68.857926	-53.123295
QJH		Qassimiut Heliport	Qassimiut	60.780959	-47.156249
QJI		Ikamiut Heliport	Ikamiut	68.634253	-51.832262
QOQ	BGSO	Saarloq Heliport	Saarloq	60.537778	-46.024722
QOW	DNIM	Sam Mbakwe International Cargo Airport	Owerri	5.42706	7.20603
QPW		Kangaatsiaq Heliport	Kangaatsiaq	68.312657	-53.460208
QRO	MMQT	Querétaro Intercontinental Airport	Querétaro	20.618779	-100.186449
QRW	DNSU	Warri Airport	Okpe	5.59821	5.8187
QRY		Ikerassaarsuk Heliport	Ikerassaarsuk	68.140881	-53.441459
QSF	DAAS	Ain Arnat Airport	Sétif	36.178488	5.329909
QSR	LIRI	Salerno Costa d'Amalfi Airport	Salerno	40.620399	14.9113
QSZ	ZWSC	Shache Airport	Shache	38.24542	77.056149
QUO	DNAI	Akwa Ibom International Airport	Uyo	4.8725	8.093
QUV		Aappilattoq Heliport	Aappilattoq	60.148357	-44.286916
QUW		Ammassivik Heliport	Ammassivik	60.597376	-45.382445
RAB	AYTK	Tokua Airport	Kokopo	-4.34046	152.380005
RAE	OERR	Arar Domestic Airport	Arar	30.906600952148438	41.13819885253906
RAH	OERF	Rafha Domestic Airport	Rafha	29.626399993896484	43.4906005859375
RAI	GVNP	Nelson Mandela International Airport	Praia	14.941126	-23.484728
RAK	GMMX	Marrakesh Menara Airport	Marrakesh	31.604807	-8.035788
RAM	YRNG	Ramingining Airport		-12.356399536132812	134.8979949951172
RAO	SBRP	Leite Lopes Airport	Ribeirão Preto	-21.134314	-47.774053
RAP	KRAP	Rapid City Regional Airport	Rapid City	44.0452995300293	-103.05699920654297
RAR	NCRG	Rarotonga International Airport	Avarua	-21.2027	-159.806
RAS	OIGG	Sardar-e-Jangal Airport	Rasht	37.323333	49.617778
RBA	GMME	Rabat-Salé Airport	Rabat	34.051498	-6.75152
RBB	SWBR	Borba Airport	Borba	-4.40634	-59.602402
RBQ	SLRQ	Rurrenabaque Airport	Rurrenabaque	-14.4279	-67.496803
RBR	SBRB	Rio Branco-Plácido de Castro International Airport	Rio Branco	-9.869031	-67.893984
RBV	AGRM	Ramata Airport	Ramata	-8.168060302734375	157.64300537109375
RBY	PARY	Ruby Airport	Ruby	64.727203	-155.470001
RCB	FARB	Richards Bay Airport	Richards Bay	-28.740999221800003	32.0920982361
RCE		Roche Harbor Airport	Roche Harbor	48.612301	-123.139
RCH	SKRH	Almirante Padilla Airport	Riohacha	11.5262	-72.926
RCM	YRMD	Richmond Airport		-20.701900482177734	143.11500549316406
RDD	KRDD	Redding Municipal Airport	Redding	40.50899887	-122.2929993
RDM	KRDM	Roberts Field	Redmond	44.254101	-121.150002
RDO	EPRA	Warsaw Radom Airport	Radom	51.38937	21.214742
RDP	VEDG	Kazi Nazrul Islam Airport	Durgapur	23.6225	87.243
RDU	KRDU	Raleigh-Durham International Airport	Raleigh/Durham	35.878659	-78.7873
RDV		Red Devil Airport	Red Devil	61.788101	-157.350006
RDZ	LFCR	Rodez–Aveyron Airport	Rodez/Marcillac	44.407902	2.48267
REC	SBRF	Recife/Guararapes - Gilberto Freyre International Airport	Recife	-8.12747	-34.922961
REG	LICR	Reggio Calabria Airport	Reggio Calabria	38.071201	15.6516
REL	SAVT	Almirante Marco Andres Zar Airport	Rawson	-43.2105	-65.2703
REN	UWOO	Orenburg Central Airport	Orenburg	51.792668	55.457229
RER	MGRT	Retalhuleu Airport	Retalhuleu	14.521431	-91.697001
RES	SARE	Resistencia International Airport	Resistencia	-27.44991	-59.056125
RET	ENRS	Røst Airport	Røst	67.526482	12.101575
REU	LERS	Reus Airport	Reus	41.147509	1.168354
REW		Rewa Airport, Chorhata, REWA	Rewa	24.503401	81.220299
REX	MMRX	General Lucio Blanco International Airport	Reynosa	26.0089	-98.2285
RFD	KRFD	Chicago Rockford International Airport	Chicago/Rockford	42.1954	-89.097198
RFP	NTTR	Raiatea Airport	Uturoa	-16.7229	-151.466003
RGA	SAWE	Gobernador Ramón Trejo Noel International Airport	Rio Grande	-53.7777	-67.7494
RGI	NTTG	Rangiroa Airport		-14.954299926757812	-147.66099548339844
RGL	SAWG	Piloto Civil Norberto Fernández International Airport	Rio Gallegos	-51.608791	-69.308948
RGN	VYYY	Yangon International Airport	Yangon	16.907300949099998	96.1332015991
RGO	ZKHM	Orang (Chongjin) Airport	Hoemun-ri	41.428538	129.647555
RHD	SANR	Termas de Río Hondo international Airport	Termas de Río Hondo	-27.4966	-64.93595
RHI	KRHI	Rhinelander Oneida County Airport	Rhinelander	45.63119888305664	-89.46749877929688
RHO	LGRP	Rhodes International Airport "Diagoras"	Rhodes	36.405399	28.086201
RHT	ZBAR	Alxa Right Banner Badanjilin Airport	Badanjilin	39.225	101.546
RIA	SBSM	Santa Maria Airport	Santa Maria	-29.711399	-53.688202
RIB	SLRI	Capitán Av. Selin Zeitun Lopez Airport	Riberalta	-11.009355	-66.075468
RIC	KRIC	Richmond International Airport	Richmond	37.505199	-77.319702
RIH	MPSM	Scarlett Martinez International Airport	Río Hato	8.375880241394	-80.127899169922
RIS	RJER	Rishiri Airport	Rishiri	45.2420005798	141.186004639
RIW	KRIW	Central Wyoming Regional Airport	Riverton	43.064201	-108.459999
RIX	EVRA	Riga International Airport	Riga	56.920752	23.970711
RIY	OYRN	Riyan International Airport	Mukalla(Riyan)	14.662241	49.375289
RIZ	ZSRZ	Rizhao Shanzihe Airport	Rizhao (Donggang)	35.405033	119.324403
RJA	VORY	Rajahmundry Airport	Madhurapudi	17.105799	81.813204
RJH	VGRJ	Shah Makhdum Airport	Rajshahi	24.437201	88.616501
RJK	LDRI	Rijeka Airport	Rijeka(Omišalj)	45.216376	14.57085
RJM	WASN	Marinda Airport	Waisai	-0.424969	130.773535
RJN	OIKR	Rafsanjan Airport	Rafsanjan	30.298345	56.048979
RKD	KRKD	Knox County Regional Airport	Rockland	44.060101	-69.099197
RKE	EKRK	Copenhagen Roskilde Airport	Roskilde	55.585602	12.1314
RKI		Mentawai Airport	Sipura Island	-2.094167	99.699167
RKS	KRKS	Southwest Wyoming Regional Airport	Rock Springs	41.5942	-109.065001
RKT	OMRK	Ras Al Khaimah International Airport	Ras Al Khaimah	25.613501	55.938801
RKV	BIRK	Reykjavík Domestic Airport	Reykjavík	64.128732	-21.93759
RKZ	ZURK	Xigaze Peace Airport / Shigatse Air Base	Xigazê (Samzhubzê)	29.350876	89.299157
RLG	ETNL	Rostock-Laage Airport	Laage	53.918201	12.2783
RLK	ZBYZ	Bayannur Tianjitai Airport	Bayannur	40.926358	107.74093
RMA	YROM	Roma Airport	Roma	-26.545000076300003	148.774993896
RMF	HEMA	Marsa Alam International Airport	Marsa Alam	25.555548	34.59245
RMI	LIPR	Federico Fellini International Airport	Rimini (RN)	44.020024	12.612198
RML	VCCC	Colombo Ratmalana International Airport	Colombo	6.821638	79.885859
RMO	LUKK	Chişinău International Airport	Chişinău	46.92774	28.931704
RMP		Rampart Airport	Rampart	65.507896	-150.141007
RMQ	RCMQ	Taichung International Airport / Ching Chuang Kang Air Base	Taichung (Qingshui)	24.2647	120.621002
RMT	NTAM	Rimatara Airport	Rimatara Island	-22.63725	-152.8059
RMU	LEMI	Region of Murcia International Airport	Corvera	37.802852	-1.124884
RMZ		Tobolsk Remezov Airport	Tobolsk	58.059712	68.347997
RNB	ESDF	Ronneby Airport	Ronneby	56.266701	15.265
RNI	MNCI	Corn Island Airport	Corn Island	12.174785	-83.059445
RNJ	RORY	Yoron Airport	Yoron	27.043847	128.401648
RNL	AGGR	Rennell/Tingoa Airport	Rennell Island	-11.55	160.062778
RNN	EKRN	Bornholm Airport	Rønne	55.063301	14.7596
RNO	KRNO	Reno Tahoe International Airport	Reno	39.4991	-119.767998
RNP		Rongelap Island Airport	Rongelap Island	11.1572	166.886993
RNS	LFRN	Rennes-Saint-Jacques Airport	Saint-Jacques-de-la-Lande, Ille-et-Vilaine	48.0695	-1.73479
ROA	KROA	Roanoke–Blacksburg Regional Airport	Roanoke	37.3255	-79.975403
ROB	GLRB	Roberts International Airport	Monrovia	6.23379	-10.3623
ROC	KROC	Frederick Douglass Greater Rochester International Airport	Rochester	43.1189	-77.672401
ROI	VTUV	Roi Et Airport	Roi Et	16.1168	103.774002
ROK	YBRK	Rockhampton Airport	Rockhampton	-23.380019	150.475359
ROO	SBRD	Maestro Marinho Franco Airport	Rondonópolis	-16.584292	-54.724803
ROP	PGRO	Rota International Airport	Rota Island	14.173267	145.241103
ROR	PTRO	Roman Tmetuchl International Airport	Babelthuap Island	7.366965	134.544085
ROS	SAAR	Rosario Islas Malvinas International Airport	Rosario	-32.9036	-60.785
ROT	NZRO	Rotorua Regional Airport	Rotorua	-38.1092	176.317001
ROV	URRP	Platov International Airport	Rostov-on-Don	47.493888	39.924722
ROW	KROW	Roswell Air Center Airport	Roswell	33.301601	-104.530998
RPR		Swami Vivekananda Airport	Raipur	21.180401	81.7388
RQA	ZWRQ	Ruoqiang Loulan Airport	Ruoqiang Town	38.974722	88.008333
RRG	FIMR	Sir Charles Gaetan Duval Airport	Port Mathurin	-19.756696	63.359326
RRJ	SBJR	Jacarepaguá - Roberto Marinho Airport	Rio de Janeiro	-22.986773	-43.372194
RRR	NTKO	Raroia Airport	Raroia	-16.050485	-142.476568
RRS	ENRO	Røros Airport	Røros	62.578399658203	11.342300415039
RSA	SAZR	Santa Rosa Airport	Santa Rosa	-36.588299	-64.275703
RSD	MYER	Rock Sound International Airport	Rock Sound	24.89165	-76.177602
RSH	PARS	Russian Mission Airport	Russian Mission	61.775071	-161.319466
RSI	OERS	Red Sea International Airport	Hanak	25.627975	37.088914
RSJ		Rosario Seaplane Base	Rosario	48.645699	-122.867996
RST	KRST	Rochester International Airport	Rochester	43.908298	-92.5
RSU	RKJY	Yeosu Airport	Yeosu	34.84230041503906	127.61699676513672
RSW	KRSW	Southwest Florida International Airport	Fort Myers	26.534685	-81.752816
RTA	NFNR	Rotuma Airport	Rotuma	-12.482500076293945	177.0709991455078
RTB	MHRO	Juan Manuel Gálvez International Airport	Coxen Hole	16.316799	-86.523003
RTG	WATG	Frans Sales Lega Airport	Satar Tacik, Manggarai	-8.596171	120.478177
RTI	WATR	David Constantijn Saudale Airport	Ba'a - Rote Island	-10.765834	123.076046
RTM	EHRD	Rotterdam The Hague Airport	Rotterdam	51.956902	4.43722
RUA	HUAR	Arua Airport	Arua	3.049152	30.911714
RUH	OERK	King Khalid International Airport	Riyadh	24.9576	46.698799
RUL		Maavaarulaa Airport	Maavaarulu	0.338085	73.512869
RUN	FMEE	Roland Garros Airport	Sainte-Marie	-20.890087	55.518894
RUR	NTAR	Rurutu Airport		-22.434099197387695	-151.36099243164062
RUS	AGGU	Marau Airport	Marau	-9.86167	160.824997
RUT	KRUT	Rutland - Southern Vermont Regional Airport	Rutland	43.5294	-72.9496
RVE	SKSA	Los Colonizadores Airport	Saravena	6.951868	-71.857179
RVK	ENRM	Rørvik Airport, Ryum	Rørvik	64.838302612305	11.14610004425
RVN	EFRO	Rovaniemi Airport	Rovaniemi	66.563327	25.829751
RVV	NTAV	Raivavae Airport		-23.885201	-147.662003
RVY	SURV	Pres. Gral. Óscar D. Gestido Binational Airport	Rivera/Santana do Livramento	-30.9746	-55.4762
RWN	UKLR	Rivne International Airport	Rivne	50.60710144042969	26.141599655151367
RXS	RPVR	Roxas Airport	Roxas City	11.597700119018555	122.75199890136719
RYB	UUBK	Staroselye Airport	Rybinsk	58.104198	38.929401
RYK	OPRK	Shaikh Zaid Airport	Rahim Yar Khan	28.383899688720703	70.27960205078125
RYO	SAWT	28 de Noviembre Airport	Rio Turbio	-51.605	-72.2203
RZE	EPRZ	Rzeszów-Jasionka Airport	Jasionka	50.109791	22.024155
RZR	OINR	Ramsar Airport	Ramsar	36.90701	50.687316
RZV	LTFO	Rize–Artvin Airport	Rize	41.179766	40.848802
SAB	TNCS	Juancho E. Yrausquin Airport	Zion's Hill	17.64533	-63.220514
SAE	BGST	Saattut Heliport	Saattut	70.811172	-51.63129
SAF	KSAF	Santa Fe Municipal Airport	Santa Fe	35.6171	-106.088997
SAG	VASD	Shirdi International Airport	Kakadi	19.689211	74.373655
SAH	OYSN	Sanaa International Airport	Sanaa	15.4763	44.2197
SAI	VDSA	Siem Reap-Angkor International Airport	Siem Reap	13.36974	104.223831
SAL	MSLP	El Salvador International Airport Saint Óscar Arnulfo Romero y Galdámez	San Salvador (San Luis Talpa)	13.44447	-89.055784
SAN	KSAN	San Diego International Airport	San Diego	32.733601	-117.190002
SAP	MHLM	Ramón Villeda Morales International Airport	San Pedro Sula	15.4526	-87.923599
SAQ	MYAN	San Andros Airport	Andros Island	25.053800582885742	-78.04900360107422
SAT	KSAT	San Antonio International Airport	San Antonio	29.533701	-98.469803
SAV	KSAV	Savannah Hilton Head International Airport	Savannah	32.126591	-81.19998
SAW	LTFJ	Istanbul Sabiha Gökçen International Airport	Pendik, Istanbul	40.898602	29.3092
SBA	KSBA	Santa Barbara Municipal Airport	Santa Barbara	34.426201	-119.839996
SBD	KSBD	San Bernardino International Airport	San Bernardino	34.096717	-117.236596
SBH	TFFJ	St. Jean Airport	Gustavia	17.904398	-62.843333
SBN	KSBN	South Bend International Airport	South Bend	41.708304	-86.316922
SBP	KSBP	San Luis County Regional Airport	San Luis Obispo	35.236801147499996	-120.641998291
SBR	YSII	Saibai Island Airport	Saibai Island	-9.37833	142.625
SBT	USDA	Sabetta International Airport	Sabetta	71.219167	72.052222
SBW	WBGS	Sibu Airport	Sibu	2.2616	111.985001
SBY	KSBY	Salisbury Ocean City Wicomico Regional Airport	Salisbury	38.34049987792969	-75.51029968261719
SBZ	LRSB	Sibiu International Airport	Sibiu	45.785841	24.086666
SCC	PASC	Deadhorse Airport	Deadhorse	70.19470215	-148.4649963
SCE	KUNV	State College Regional Airport	State College	40.849374	-77.84852
SCK	KSCK	Stockton Metropolitan Airport	Stockton	37.893279	-121.238079
SCL	SCEL	Comodoro Arturo Merino Benítez International Airport	Santiago	-33.393001556396484	-70.78579711914062
SCM	PACM	Scammon Bay Airport	Scammon Bay	61.84471	-165.575209
SCN	EDDR	Saarbrücken Airport	Saarbrücken	49.214545	7.109735
SCO	UATE	Aktau International Airport	Aktau	43.860093	51.09086
SCQ	LEST	Santiago-Rosalía de Castro Airport	Santiago de Compostela	42.896301	-8.41514
SCR	ESKS	Scandinavian Mountains Airport	Malung-Sälen	61.16508	12.83352
SCT	OYSQ	Socotra Airport	Mori	12.632093	53.906173
SCU	MUCU	Antonio Maceo International Airport	Santiago	19.97474	-75.835504
SCV	LRSV	Suceava Ștefan cel Mare International Airport	Suceava	47.6875	26.354099
SCW	UUYY	Syktyvkar Airport	Syktyvkar	61.64699935913086	50.84510040283203
SCY	SEST	San Cristóbal Airport	Puerto Baquerizo Moreno	-0.910206	-89.617401
SCZ	AGGL	Santa Cruz/Graciosa Bay/Luova Airport	Santa Cruz/Graciosa Bay/Luova	-10.7203	165.794998
SDD	FNUB	Lubango Mukanka International Airport	Lubango	-14.924839	13.576653
SDE	SANE	Vicecomodoro Angel D. La Paz Aragonés Airport	Santiago del Estero	-27.765556335399996	-64.3099975586
SDF	KSDF	Louisville Muhammad Ali International Airport	Louisville	38.1706	-85.735076
SDG	OICS	Sanandaj Airport		35.24589920043945	47.00920104980469
SDJ	RJSS	Sendai Airport	Natori	38.139702	140.917007
SDK	WBKS	Sandakan Airport	Sandakan	5.900899887084961	118.05899810791016
SDL	ESNN	Sundsvall-Härnösand Airport	Sundsvall/ Härnösand	62.528099060058594	17.443899154663086
SDN	ENSD	Sandane Airport, Anda	Sandane	61.830002	6.10583
SDP	PASD	Sand Point Airport	Sand Point	55.313908	-160.522099
SDQ	MDSD	Las Américas International Airport	Santo Domingo	18.42970085144	-69.668899536133
SDR	LEXJ	Seve Ballesteros-Santander Airport	Santander	43.427101	-3.82001
SDS	RJSD	Sado Airport	Sado	38.0601997375	138.414001465
SDU	SBRJ	Santos Dumont Airport	Rio de Janeiro	-22.910397	-43.16282
SDW	VOSR	Sindhudurg Airport	Chipi	16.002552	73.529846
SDY	KSDY	Sidney - Richland Regional Airport	Sidney	47.705141	-104.194422
SEA	KSEA	Seattle–Tacoma International Airport	Seattle	47.447943	-122.310276
SEB	HLLS	Sabha Airport	Sabha	26.992452	14.466162
SEK	UESK	Srednekolymsk Airport	Srednekolymsk	67.4805	153.7364
SEN	EGMC	London Southend Airport	Southend-on-Sea, Essex	51.570562	0.693627
SET	SNHS	Santa Magalhães Airport	Serra Talhada	-8.061433	-38.328888
SEU	HTSN	Seronera Airport	Seronera	-2.45806	34.822498
SEZ	FSIA	Seychelles International Airport	Victoria	-4.67434	55.521801
SFA	DTTX	Sfax Thyna International Airport	Sfax	34.717999	10.691
SFB	KSFB	Orlando Sanford International Airport	Orlando	28.774277	-81.234626
SFC	TFFC	St-François Airport	St-François	16.257799	-61.262501
SFG	TFFG	Grand Case-l'Espérance Airport	Grand Case	18.100057	-63.047444
SFJ	BGSF	Kangerlussuaq International Airport	Kangerlussuaq	67.010446	-50.715294
SFL	GVSF	São Filipe Airport	São Filipe	14.8850002289	-24.4799995422
SFN	SAAV	Sauce Viejo Airport	Santa Fe	-31.7117	-60.8117
SFO	KSFO	San Francisco International Airport	San Francisco	37.619806	-122.374821
SFS	RPLB	Subic Bay International Airport / Naval Air Station Cubi Point	Olongapo	14.794833	120.271883
SFT	ESNS	Skellefteå Airport	Skellefteå	64.62480163574219	21.076900482177734
SGC	USRR	Surgut International Airport	Surgut	61.340501	73.405782
SGD	EKSB	Sønderborg Airport	Sønderborg	54.96440124511719	9.791729927062988
SGF	KSGF	Springfield Branson National Airport	Springfield	37.245047	-93.388596
SGG	BGSG	Sermiligaaq Heliport	Sermiligaaq	65.90592	-36.378254
SGN	VVTS	Tan Son Nhat International Airport	Ho Chi Minh City	10.8188	106.652
SGO	YSGE	St George Airport		-28.049699783325195	148.59500122070312
SGU	KSGU	St George Regional Airport	St George	37.036389	-113.510306
SGY	PAGY	Skagway Airport	Skagway	59.460343	-135.316651
SHA	ZSSS	Shanghai Hongqiao International Airport	Shanghai (Minhang)	31.198104	121.33426
SHB	RJCN	Nakashibetsu Airport	Nakashibetsu	43.5774993896	144.960006714
SHC	HASR	Shire Inda Selassie Airport	Shire Inda Selassie	14.075699	38.273592
SHD	KSHD	Shenandoah Valley Regional Airport	Weyers Cave	38.263802	-78.8964
SHE	ZYTX	Shenyang Taoxian International Airport	Shenyang	41.6398	123.483668
SHF	ZWHZ	Shihezi Huayuan Airport	Shihezi	44.2421	85.8905
SHG	PAGH	Shungnak Airport	Shungnak	66.88809967041	-157.16200256348
SHH	PASH	Shishmaref Airport	Shishmaref	66.249604	-166.089112
SHI	RORS	Shimojishima Airport	Miyakojima	24.8267	125.144997
SHJ	OMSJ	Sharjah International Airport	Sharjah	25.3286	55.5172
SHL	VEBI	Shillong Airport	Shillong	25.70359992980957	91.97869873046875
SHM	RJBD	Nanki Shirahama Airport	Shirahama	33.6622009277	135.363998413
SHO	FDSK	King Mswati III International Airport	Mpaka	-26.358611	31.716944
SHR	KSHR	Sheridan County Airport	Sheridan	44.76919937133789	-106.9800033569336
SHS	ZHJZ	Jingzhou Shashi Airport	Jingzhou (Shashi)	30.29281	112.44854
SHV	KSHV	Shreveport Regional Airport	Shreveport	32.444747	-93.826741
SHW	OESH	Sharurah Domestic Airport	Sharurah	17.4669	47.121399
SHY	HTSY	Shinyanga Airport	Shinyanga	-3.6093	33.5035
SID	GVAC	Amílcar Cabral International Airport	Espargos	16.7414	-22.9494
SIF	VNSI	Simara Airport	Simara	27.159803	84.980021
SIG	TJIG	Fernando Luis Ribas Dominicci Airport	San Juan	18.45680046081543	-66.09809875488281
SIH	VNDT	Silgadi Doti Airport	Silgadi Doti	29.262226	80.935968
SIN	WSSS	Singapore Changi Airport	Singapore	1.35019	103.994003
SIP	UKFF	Simferopol International Airport	Simferopol	45.0522	33.975101
SIS	FASS	Sishen Airport	Sishen	-27.6486	22.9993
SIT	PASI	Sitka Rocky Gutierrez Airport	Sitka	57.04710006713867	-135.36199951171875
SJC	KSJC	Norman Y. Mineta San Jose International Airport	San Jose	37.362452	-121.929188
SJD	MMSD	Los Cabos International Airport	San José del Cabo	23.151919	-109.720731
SJE	SKSJ	Jorge E. Gonzalez Torres Airport	San José Del Guaviare	2.57969	-72.6394
SJI	RPUH	San Jose Airport	San Jose	12.361499786399998	121.04699707
SJJ	LQSA	Sarajevo International Airport	Sarajevo	43.8246	18.331499
SJK	SBSJ	Professor Urbano Ernesto Stumpf Airport	São José Dos Campos	-23.2292	-45.8615
SJL	SBUA	São Gabriel da Cachoeira Airport	São Gabriel da Cachoeira	-0.14835	-66.9855
SJO	MROC	Juan Santamaría International Airport	San José (Alajuela)	9.99386	-84.208801
SJP	SBSR	Prof. Eribelto Manoel Reino State Airport	São José do Rio Preto	-20.817113	-49.406963
SJT	KSJT	San Angelo Regional Mathis Field	San Angelo	31.35770034790039	-100.49600219726562
SJU	TJSJ	Luis Munoz Marin International Airport	San Juan	18.4394	-66.001801
SJW	ZBSJ	Shijiazhuang Zhengding International Airport	Shijiazhuang	38.280701	114.696999
SJZ	LPSJ	São Jorge Airport	Velas	38.665501	-28.1758
SKB	TKPK	Robert L. Bradshaw International Airport	Basseterre	17.310845	-62.719117
SKD	UZSS	Samarkand International Airport	Samarkand	39.701842	66.981467
SKG	LGTS	Thessaloniki Macedonia International Airport	Thessaloniki	40.51928	22.970009
SKH	VNSK	Surkhet Airport	Surkhet	28.586	81.636002
SKK	PFSH	Shaktoolik Airport	Shaktoolik	64.371101	-161.223999
SKN	ENSK	Stokmarknes Airport, Skagen	Hadsel	68.578827	15.033417
SKO	DNSO	Sadiq Abubakar III International Airport	Sokoto	12.915729	5.207547
SKP	LWSK	Skopje International Airport	Ilinden	41.958087	21.622581
SKT	OPST	Sialkot International Airport	Sialkot	32.535941	74.364623
SKU	LGSY	Skiros Airport	Skiros Island	38.9676017761	24.4871997833
SKX	UWPS	Saransk International Airport	Saransk	54.12513	45.212257
SKZ	OPSK	Begum Nusrat Bhutto International Airport Sukkur	Sukkur	27.722	68.791702
SLA	SASA	Martín Miguel de Güemes International Airport	Salta	-24.856001	-65.486198
SLC	KSLC	Salt Lake City International Airport	Salt Lake City	40.78886	-111.979866
SLD	LZSL	Sliač Airport	Sliač	48.63779830932617	19.13409996032715
SLE	KSLE	Salem-Willamette Valley Airport/McNary Field	Salem	44.9095	-123.002998
SLH	NVSC	Sola Airport	Sola	-13.8516998291	167.537002563
SLI	FLSW	Solwesi Airport	Solwesi	-12.173700332641602	26.365100860595703
SLK	KSLK	Adirondack Regional Airport	Saranac Lake	44.38691	-74.204629
SLL	OOSA	Salalah International Airport	Salalah	17.0387	54.091301
SLM	LESA	Salamanca Airport	Salamanca	40.952099	-5.50199
SLN	KSLN	Salina Municipal Airport	Salina	38.79100036621094	-97.6521987915039
SLP	MMSP	Ponciano Arriaga International Airport	San Luis Potosí	22.262026	-100.935692
SLQ	PASL	Sleetmute Airport	Sleetmute	61.7005	-157.166
SLU	TLPC	George F. L. Charles Airport	Castries	14.0202	-60.992901
SLW	MMIO	Plan de Guadalupe International Airport	Saltillo	25.53786	-100.928346
SLX	MBSY	Salt Cay Airport	Salt Cay	21.333000183099998	-71.1999969482
SLY	USDD	Salekhard Airport	Salekhard	66.5907974243164	66.61100006103516
SLZ	SBSL	Marechal Cunha Machado International Airport	São Luís	-2.586386	-44.235008
SMA	LPAZ	Santa Maria Airport	Vila do Porto	36.97140121459961	-25.17060089111328
SMF	KSMF	Sacramento International Airport	Sacramento	38.6954	-121.591003
SMI	LGSM	Samos Airport	Samos Island	37.689999	26.911699
SMK	PAMK	St Michael Airport	St Michael	63.49010086	-162.1100006
SML	MYLS	Stella Maris Airport	Stella Maris	23.582317	-75.268621
SMN	KSMN	Lemhi County Airport	Salmon	45.122233	-113.88196
SMQ	WAGS	Sampit (H.Asan) Airport	Sampit	-2.499198	112.974987
SMR	SKSM	Simón Bolívar International Airport	Santa Marta	11.1196	-74.2306
SMS	FMMS	Sainte Marie Airport	Vohilava	-17.093901	49.8158
SMT		Adolino Bedin Regional Airport	Sorriso	-12.479177	-55.672341
SMW	GMMA	Smara Airport	Smara	26.731987	-11.683655
SMX	KSMX	Santa Maria Public Airport Captain G Allan Hancock Field	Santa Maria	34.898899	-120.457001
SNA	KSNA	John Wayne Orange County International Airport	Santa Ana	33.675063	-117.869281
SNB		Snake Bay Airport	Milikapiti	-11.417674	130.648481
SNC	SESA	General Ulpiano Paez International Airport	Salinas/La Libertad	-2.210057	-80.985067
SNE	GVSN	Preguiça Airport	Preguiça	16.588852	-24.284132
SNN	EINN	Shannon Airport	Shannon	52.702	-8.92482
SNO	VTUI	Sakon Nakhon Airport		17.195100784301758	104.11900329589844
SNP	PASN	St Paul Island Airport	St Paul Island	57.166311	-170.222555
SNR	LFRZ	Saint-Nazaire-Montoir Airport	Saint-Nazaire/Montoir	47.31142	-2.152634
SNU	MUSC	Abel Santamaria International Airport	Santa Clara	22.492215	-79.943119
SNV	SVSE	Santa Elena de Uairén Airport	Santa Elena de Uairén	4.554699	-61.145234
SNW	VYTD	Thandwe Airport	Thandwe	18.4606990814209	94.30010223388672
SNX	OIIS	Semnan Municipal Airport	Semnan	35.591099	53.495098
SOB	LHSM	Hévíz–Balaton Airport	Sármellék	46.686391	17.159084
SOC	WAHQ	Adisoemarmo International Airport	Surakarta	-7.516044	110.757492
SOD	SDCO	Sorocaba Airport	Sorocaba	-23.478001	-47.490002
SOF	LBSF	Sofia Airport	Sofia	42.696357	23.417671
SOG	ENSG	Sogndal Airport, Haukåsen	Sogndal	61.156101	7.13778
SOJ	ENSR	Sørkjosen Airport	Sørkjosen	69.786797	20.9594
SOM	SVST	San Tomé Airport	El Tigre	8.9451465606689	-64.151084899902
SON	NVSS	Santo Pekoa International Airport	Luganville	-15.505000114399998	167.220001221
SOQ	WASS	Domine Eduard Osok Airport	Sorong	-0.894	131.287
SOU	EGHI	Southampton Airport	Southampton	50.950298	-1.3568
SOV	PASO	Seldovia Airport	Seldovia	59.442981	-151.705227
SOW	KSOW	Show Low Regional Airport	Show Low	34.264062	-110.007091
SOY	EGER	Stronsay Airport	Stronsay	59.1553	-2.64139
SPB		Charlotte Amalie Harbor Seaplane Base	Charlotte Amalie	18.338204	-64.939675
SPC	GCLA	La Palma Airport	Sta Cruz de la Palma, La Palma Island	28.626499	-17.7556
SPD	VGSD	Saidpur Airport	Saidpur	25.759199	88.908897
SPI	KSPI	Abraham Lincoln Capital Airport	Springfield	39.844101	-89.677902
SPN	PGSN	Saipan International Airport	I Fadang, Saipan	15.119384	145.728848
SPP	FNME	Menongue Airport	Menongue	-14.657600402832031	17.71980094909668
SPR		John Greif II Airport	San Pedro	17.9139	-87.9711
SPS	KSPS	Wichita Falls Municipal Airport / Sheppard Air Force Base	Wichita Falls	33.9888	-98.491898
SPU	LDSP	Split Saint Jerome Airport	Split	43.538898	16.298
SPX	HESX	Sphinx International Airport	Al Jiza	30.108179	30.895728
SPY	DISP	San Pedro Airport		4.74672	-6.66082
SQD	ZSSR	Shangrao Sanqingshan Airport	Shangrao (Hengfeng)	28.3797	117.9643
SQG	WIOS	Tebelian Airport	Sintang	-0.045214	111.458049
SQJ	ZSSM	Sanming Shaxian Airport	Sanming (Sha)	26.4263	117.8336
SQL	KSQL	San Carlos Airport	San Carlos	37.51313	-122.250838
SRA	SSZR	Luis Alberto Lehr Airport	Santa Rosa	-27.90658	-54.520628
SRE	SLAL	Alcantarí International Airport	Sucre	-19.246835	-65.149611
SRG	WAHS	Jenderal Ahmad Yani Airport	Semarang	-6.970732	110.373244
SRK	BGSI	Siorapaluk Heliport	Siorapaluk	77.786517	-70.638657
SRL		Palo Verde Airport	Mulegé	27.0927	-112.0985
SRP	ENSO	Stord Airport, Sørstokken	Leirvik	59.791901	5.34085
SRQ	KSRQ	Sarasota Bradenton International Airport	Sarasota/Bradenton	27.394631	-82.554359
SRT	HUSO	Soroti Airport	Soroti	1.7276899814605713	33.622798919677734
SRV		Stony River 2 Airport	Stony River	61.7897	-156.589005
SRY	OINZ	Sari Dasht-e Naz International Airport	Sari	36.644408	53.188761
SRZ	SLET	El Trompillo Airport	Santa Cruz	-17.8115997314	-63.1715011597
SSA	SBSV	Deputado Luiz Eduardo Magalhães International Airport	Salvador	-12.908611	-38.322498
SSB		Christiansted Harbor Seaplane Base	Christiansted	17.747908	-64.707928
SSG	FGSL	Malabo International Airport	Malabo	3.75527	8.70872
SSH	HESH	Sharm El Sheikh International Airport	Sharm El Sheikh	27.977272	34.394717
SSJ	ENST	Sandnessjøen Airport, Stokka	Alstahaug	65.956802	12.4689
SSR	NVSH	Sara Airport	Pentecost Island	-15.4708003998	168.151992798
SST	SAZL	Santa Teresita Airport	Santa Teresita	-36.5423	-56.7218
SSW		Stuart Island Airpark	Friday Harbor	48.673379	-123.175439
SSY	FNBC	Mbanza Congo Airport	Mbanza Congo	-6.269899845123291	14.246999740600586
STC	KSTC	Saint Cloud Regional Airport	Saint Cloud	45.5466	-94.059898
STD	SVSO	Mayor Buenaventura Vivas International Airport	Santo Domingo	7.56538	-72.035103
STG	PAPB	St George Airport	St George	56.577345	-169.663823
STI	MDST	Cibao International Airport	Santiago	19.40406	-70.604431
STL	KSTL	St. Louis Lambert International Airport	St Louis	38.748697	-90.370003
STM	SBSN	Santarém - Maestro Wilson Fonseca International Airport	Santarém	-2.422423	-54.79306
STN	EGSS	London Stansted Airport	London, Essex	51.884998	0.235
STR	EDDS	Stuttgart Airport	Stuttgart	48.689899	9.22196
STS	KSTS	Charles M. Schulz Sonoma County Airport	Santa Rosa	38.50899887	-122.8130035
STT	TIST	Cyril E. King Airport	Charlotte Amalie	18.337091	-64.977251
STV	VASU	Surat International Airport	Surat	21.115531	72.743251
STW	URMT	Stavropol Shpakovskoye Airport	Stavropol	45.10919952392578	42.11280059814453
STX	TISX	Henry E. Rohlsen Airport	Christiansted	17.701413	-64.802608
SUB	WARR	Juanda International Airport	Surabaya	-7.37983	112.787003
SUF	LICA	Lamezia Terme Sant'Eufemia International Airport	Lamezia Terme (CZ)	38.906214	16.246007
SUG	RPMS	Surigao Airport	Surigao City	9.755838325629998	125.480947495
SUI	UGSS	Vladislav Ardzinba Sukhum International Airport	Sukhumi	42.8582	41.128101
SUJ	LRSM	Satu Mare International Airport	Satu Mare	47.7033	22.8857
SUK	UEBS	Sakkyryr Airport	Batagay-Alyta	67.792	130.394
SUN	KSUN	Friedman Memorial Airport	Hailey	43.50439835	-114.2959976
SUR		Summer Beaver Airport	Summer Beaver	52.70859909057617	-88.54190063476562
SUV	NFNA	Nausori International Airport	Nausori	-18.044226	178.561486
SUX	KSUX	Sioux Gateway Airport / Brigadier General Bud Day Field	Sioux City	42.397605	-96.382237
SUY	UENS	Suntar Airport	Suntar	62.185001373291	117.63500213623
SVA	PASA	Savoonga Airport	Savoonga	63.686401	-170.492996
SVB	FMNS	Sambava Airport	Sambava	-14.2786	50.174702
SVC	KSVC	Grant County Airport	Silver City	32.636701	-108.154736
SVD	TVSA	Argyle International Airport	Kingstown	13.159725	-61.148801
SVG	ENZV	Stavanger Airport, Sola	Stavanger	58.876701	5.63778
SVI	SKSV	Eduardo Falla Solano Airport	San Vicente Del Caguán	2.15217	-74.7663
SVJ	ENSH	Svolvær Airport, Helle	Svolvær	68.243301	14.6692
SVL	EFSA	Savonlinna Airport	Savonlinna	61.9431	28.945101
SVO	UUEE	Sheremetyevo International Airport	Moscow	55.976858	37.41121
SVQ	LEZL	Seville Airport	Seville	37.417999	-5.89311
SVR	BGSV	Savissivik Heliport	Savissivik	76.018613	-65.117683
SVS		Stevens Village Airport	Stevens Village	66.016727	-149.056835
SVU	NFNS	Savusavu Airport	Savusavu	-16.803394	179.340587
SVX	USSS	Koltsovo Airport	Yekaterinburg	56.743099212646	60.802700042725
SVZ	SVSA	Juan Vicente Gómez International Airport	San Antonio del Tachira	7.840809	-72.439878
SWA	ZGOW	Jieyang Chaoshan International Airport	Jieyang (Rongcheng)	23.552	116.5033
SWF	KSWF	New York Stewart International Airport	Newburgh	41.50421	-74.108901
SWL	RPSV	San Vicente Airport	San Vicente	10.524298	119.272899
SWO	KSWO	Stillwater Regional Airport	Stillwater	36.162132	-97.085581
SWQ	WADS	Sultan Muhammad Kaharuddin III Airport	Sumbawa Besar	-8.48904	117.412003
SWX	FBSW	Shakawe Airport	Shakawe	-18.373899459838867	21.832599639892578
SXB	LFST	Strasbourg Airport	Strasbourg	48.5383	7.62823
SXK	WAPS	Mathilda Batlayeri Airport	Saumlaki-Yamdena Island	-7.848354	131.337068
SXM	TNCM	Princess Juliana International Airport	Sint Maarten	18.041	-63.108898
SXP		Nunam Iqua Airport	Nunam Iqua	62.520599	-164.848006
SXR	VISR	Sheikh ul Alam International Airport	Srinagar	33.987099	74.7742
SYB		Seal Bay Seaplane Base	Seal Bay	58.373291	-152.201797
SYD	YSSY	Sydney Kingsford Smith International Airport	Sydney (Mascot)	-33.946098	151.177002
SYF		Silva Bay Seaplane Base	Gabriola Island	49.151	-123.698
SYM	ZPSM	Pu'er Simao Airport	Pu'er	22.793301	100.959
SYO	RJSY	Shonai Airport	Shonai	38.812199	139.787003
SYQ	MRPV	Tobías Bolaños International Airport	San Jose	9.95705	-84.139801
SYR	KSYR	Syracuse Hancock International Airport	Syracuse	43.11119842529297	-76.1063003540039
SYS	UERS	Saskylakh Airport	Saskylakh	71.927902	114.080002
SYU	YWBS	Warraber Island Airport	Sue Islet	-10.20829963684082	142.8249969482422
SYX	ZJSY	Sanya Phoenix International Airport	Sanya (Tianya)	18.3029	109.412003
SYY	EGPO	Stornoway Airport	Stornoway, Western Isles	58.215599	-6.33111
SYZ	OISS	Shiraz Shahid Dastghaib International Airport	Shiraz	29.5392	52.589802
SZA	FNSO	Soyo Airport	Soyo	-6.141089916229248	12.371800422668457
SZB	WMSA	Sultan Abdul Aziz Shah International Airport	Subang	3.13058	101.549004
SZE	HASM	Semera Airport	Semera	11.7875	40.9915
SZF	LTFH	Samsun-Çarşamba Airport	Samsun	41.253988	36.567546
SZG	LOWS	Salzburg Airport	Salzburg	47.793301	13.0043
SZH	ZBSG	Shuozhou Zirun Airport	Shuozhou	39.273241	112.691552
SZI	UASZ	Zaysan Airport	Zaysan	47.487491	84.887675
SZK	FASZ	Skukuza Airport	Skukuza	-24.96085	31.588587
SZX	ZGSZ	Shenzhen Bao'an International Airport	Shenzhen	22.639474	113.803262
SZY	EPSY	Olsztyn-Mazury Airport	Szymany	53.481899	20.9377
SZZ	EPSC	Solidarity Szczecin–Goleniów Airport	Szczecin(Glewice)	53.584702	14.9022
TAB	TTCP	A.N.R. Robinson International Airport	Scarborough	11.149571	-60.831298
TAC	RPVA	Daniel Z. Romualdez Airport	Tacloban City	11.227761	125.027783
TAE	RKTN	Daegu International Airport	Daegu	35.894394	128.656989
TAG	RPSP	Bohol-Panglao International Airport	Panglao	9.573045	123.770143
TAH	NVVW	Whitegrass Airport	Tanna Island	-19.455099	169.223999
TAI	OYTZ	Taiz International Airport	Taiz	13.686	44.139099
TAK	RJOT	Takamatsu Airport	Takamatsu	34.214963	134.015454
TAL	PATA	Ralph M Calhoun Memorial Airport	Tanana	65.1744	-152.108994
TAM	MMTM	General Francisco Javier Mina International Airport	Ciudad Madero	22.292622	-97.867058
TAO	ZSQD	Qingdao Jiaodong International Airport	Qingdao (Jiaozhou)	36.361953	120.088171
TAP	MMTP	Tapachula International Airport	Tapachula	14.794549	-92.369871
TAS	UZTT	Tashkent International Airport	Tashkent	41.2579	69.281197
TAT	LZTT	Poprad-Tatry Airport	Poprad	49.070994	20.241394
TAY	EETU	Tartu Airport	Tartu	58.307438	26.686473
TAZ	UTAT	Dashoguz International Airport	Daşoguz	41.759853	59.836149
TBB	VVTH	Dong Tac Airport	Tuy Hoa	13.0496	109.334
TBG	AYTB	Tabubil Airport	Tabubil	-5.280471	141.227576
TBH	RPVU	Tugdan Airport	Tablas Island	12.3109998703	122.084999084
TBI	MYCB	New Bight Airport	Cat Island	24.3153	-75.452301
TBJ	DTKA	Tabarka-Aïn Draham International Airport	Tabarka	36.98	8.87694
TBM		Tumbang Samba Airport	Tumbang Samba-Borneo Island	-1.469024	113.080984
TBN	KTBN	Waynesville-St. Robert Regional Airport-Forney Field	Fort Leonard Wood	37.7416	-92.140701
TBO	HTTB	Tabora Airport	Tabora	-5.07639	32.833302
TBP	SPME	Captain Pedro Canga Rodríguez International Airport	Tumbes	-3.552074	-80.381086
TBS	UGTB	Tbilisi International Airport	Tbilisi	41.669201	44.9547
TBT	SBTT	Tabatinga International Airport	Tabatinga	-4.25567	-69.935799
TBU	NFTF	Fua'amotu International Airport	Nuku'alofa	-21.241438	-175.149164
TBZ	OITT	Tabriz International Airport	Tabriz	38.1339	46.235001
TCA	YTNK	Tennant Creek Airport	Tennant Creek	-19.6343994140625	134.18299865722656
TCB	MYAT	Treasure Cay Airport	Treasure Cay	26.745300293	-77.3912963867
TCD	SKRA	Tarapacá Airport	Tarapacá	-2.895802	-69.749762
TCG	ZWTC	Tacheng Qianquan Airport	Tacheng	46.672501	83.340797
TCO	SKCO	La Florida Airport	Tumaco	1.81442	-78.7492
TCP	HETB	Taba International Airport	Taba	29.594496	34.775752
TCQ	SPTN	Coronel FAP Carlos Ciriani Santa Rosa International Airport	Tacna	-18.053300857500002	-70.2758026123
TCR	VOTK	Tuticorin Airport	Vagaikulam	8.724241	78.025803
TCT	PPCT	Takotna Airport	Takotna	62.993206	-156.029026
TCZ	ZPTC	Tengchong Tuofeng Airport	Baoshan (Tengchong)	24.938056	98.485833
TDD	SLTR	Teniente Av. Jorge Henrich Arauz Airport	Trinidad	-14.8187	-64.917999
TDK	UAAT	Taldykorgan Airport	Taldykorgan	45.12255	78.442758
TDS	AYSS	Sasereme Airport	Sasereme	-7.6217	142.868
TDX	VTBO	Trat Airport	Laem Ngop	12.2746	102.319
TEB	KTEB	Teterboro Airport	Teterboro	40.850101	-74.060799
TEE	DABS	Cheikh Larbi Tébessi Airport	Tébessi	35.4315986633	8.12071990967
TEK		Tatitlek Airport	Tatitlek	60.871449	-146.690297
TEN	ZUTR	Tongren Fenghuang Airport	Tongren (Daxing)	27.883333	109.308889
TEQ	LTBU	Tekirdağ Çorlu Airport	Çorlu	41.138199	27.9191
TER	LPLA	Lajes Airport	Praia da Vitória	38.761799	-27.090799
TET	FQTT	Tete Airport	Tete	-16.104799	33.640202
TEX	KTEX	Telluride Regional Airport	Telluride	37.9538	-107.907997
TEZ	VETZ	Tezpur Airport		26.7091007232666	92.78469848632812
TFF	SBTF	Tefé Airport	Tefé	-3.38294	-64.724098
TFI	AYTU	Tufi Airport	Tufi	-9.07595443726	149.319839478
TFN	GCXO	Tenerife Norte-Ciudad de La Laguna Airport	Tenerife	28.482752	-16.341707
TFS	GCTS	Tenerife Sur Airport	Tenerife	28.0445	-16.5725
TFU	ZUTF	Chengdu Tianfu International Airport	Chengdu (Jianyang)	30.31252	104.441284
TGD	LYPG	Podgorica Airport / Podgorica Golubovci Airbase	Podgorica	42.359402	19.2519
TGG	WMKN	Sultan Mahmud Airport	Kuala Terengganu	5.3826398849487305	103.10299682617188
TGH	NVST	Tongoa Airport	Tongoa Island	-16.8910999298	168.550994873
TGJ	NWWA	Tiga Airport	Tiga	-21.096407	167.80379
TGK	URRT	Taganrog Yuzhny Airport	Taganrog	47.1983333	38.8491667
TGM	LRTM	Târgu Mureş Transilvania International Airport	Recea	46.467701	24.4125
TGO	ZBTL	Tongliao Airport	Tongliao	43.556702	122.199997
TGQ	SWTS	Tangará da Serra Airport	Tangará da Serra	-14.662	-57.443744
TGR	DAUK	Touggourt Sidi Madhi Airport	Touggourt	33.067799	6.08867
TGT	HTTG	Tanga Airport	Tanga	-5.09236	39.071201
TGU	MHTG	Toncontín Airport	Tegucigalpa	14.0609	-87.217201
TGZ	MMTG	Angel Albino Corzo International Airport	Tuxtla Gutiérrez	16.561611	-93.025731
THD	VVTX	Tho Xuan Airport	Thanh Hóa	19.901667	105.467778
THE	SBTE	Senador Petrônio Portela Airport	Teresina	-5.06025	-42.823712
THG	YTNG	Thangool Airport	Biloela	-24.494863	150.577967
THL	VYTL	Tachileik Airport	Tachileik	20.483800888061523	99.9354019165039
THN	ESGT	Trollhättan-Vänersborg Airport	Trollhättan	58.31809997558594	12.345000267028809
THO	BITN	Þórshöfn Airport	Þórshöfn	66.218459	-15.334739
THQ	ZLTS	Tianshui Maijishan Airport	Tianshui (Maiji)	34.5601	105.860343
THR	OIII	Mehrabad International Airport	Tehran	35.689175	51.314392
THS	VTPO	Sukhothai Airport		17.238000869750977	99.81819915771484
THU	BGTL	Pituffik Space Base	Pituffik	76.53063	-68.700541
THX	UOTT	Turukhansk Airport	Turukhansk	65.797203	87.935303
TIA	LATI	Tirana International Airport Mother Teresa	Rinas	41.4147	19.7206
TIE	HATP	Tippi Airport	Tippi	7.2024	35.415
TIF	OETF	Taif International Airport	Taif	21.484739	40.544074
TIH	NTGC	Tikehau Airport	Tuherahera	-15.1196	-148.231003
TIJ	MMTJ	General Abelardo L. Rodriguez International Airport	Tijuana	32.541043	-116.969976
TIM		Mozes Kilangin Airport	Timika	-4.52978	136.887388
TIN	DAOF	Tindouf Airport	Tindouf	27.7003993988	-8.167099952700001
TIQ	PGWT	Francisco Manglona Borja / Tinian International Airport	Tinian Island	14.999207	145.619355
TIR	VOTP	Tirupati International Airport	Tirupati	13.631988	79.539869
TIU	NZTU	Timaru Airport		-44.302799224853516	171.22500610351562
TIV	LYTV	Tivat Airport	Tivat	42.404701	18.723301
TIW	KTIW	Tacoma Narrows Airport	Tacoma	47.267407	-122.577295
TIZ	AYTA	Tari Airport	Tari	-5.845	142.947998
TJA	SLTJ	Capitan Oriel Lea Plaza Airport	Tarija	-21.5557	-64.701302
TJG	WAON	Warukin Airport	Tanta-Tabalong	-2.21656	115.435997
TJH	RJBT	Konotori Tajima Airport	Toyooka	35.512798	134.787003
TJK	LTAW	Tokat Airport	Tokat	40.32472	36.39056
TJL	SBTG	Plínio Alarcom Airport	Três Lagoas	-20.752643	-51.682026
TJM	USTR	Roshchino International Airport	Tyumen	57.178984	65.327696
TJQ	WIKT	H A S Hanandjoeddin International Airport	Tanjung Pandan	-2.744109	107.754535
TJS		Tanjung Harapan Airport	Tanjung Selor-Borneo Island	2.835833	117.373611
TJU	UTDK	Kulob International Airport	Kulob	37.988098	69.805
TKD	DGTK	Takoradi Airport	Sekondi-Takoradi	4.896059989929199	-1.7747600078582764
TKE		Tenakee Seaplane Base	Tenakee Springs	57.779701	-135.218002
TKF	KTRK	Truckee Tahoe Airport	Truckee	39.318628	-120.140562
TKG	WILL	Radin Inten II International Airport	Bandar Lampung	-5.246803	105.182531
TKJ	PFTO	Tok Junction Airport	Tok	63.32949829	-142.9539948
TKK	PTKK	Chuuk International Airport	Weno Island	7.46187	151.843002
TKM		Taksimo Airport	Taksimo	56.361668	114.93
TKN	RJKN	Tokunoshima Airport	Amagi	27.836382	128.881356
TKP	NTGT	Takapoto Airport		-14.709500312805176	-145.24600219726562
TKQ	HTKA	Kigoma Airport	Kigoma	-4.8862	29.6709
TKS	RJOS	Tokushima Awaodori Airport / JMSDF Tokushima Air Base	Tokushima	34.132559	134.607816
TKU	EFTU	Turku Airport	Turku	60.514099	22.2628
TKV	NTGO	Tatakoto Airport	Tatakoto	-17.355226	-138.44734
TKX	NTKR	Takaroa Airport		-14.45580005645752	-145.02499389648438
TLA	PATE	Teller Airport	Teller	65.240402	-166.339005
TLC	MMTO	Adolfo López Mateos International Airport	Toluca	19.3369	-99.56583
TLE	FMST	Toliara Airport	Toliara	-23.3834	43.7285
TLH	KTLH	Tallahassee International Airport	Tallahassee	30.401209	-84.35433
TLI		Sultan Bantilan Airport	Toli Toli-Celebes Island	1.123428	120.793658
TLL	EETN	Lennart Meri Tallinn Airport	Tallinn	59.413246	24.83264
TLM	DAON	Zenata – Messali El Hadj Airport	Zenata	35.012732	-1.457117
TLN	LFTH	Toulon-Hyères Airport	Hyères, Var	43.097301	6.14603
TLQ	ZWTL	Turpan Jiaohe Airport	Turpan	43.0308	89.0987
TLS	LFBO	Toulouse-Blagnac Airport	Toulouse/Blagnac	43.629101	1.36382
TLT		Tuluksak Airport	Tuluksak	61.086973	-160.922842
TLU	SKTL	Golfo de Morrosquillo Airport	Santiago de Tolú	9.50945	-75.5854
TLV	LLBG	Ben Gurion International Airport	Tel Aviv	32.011398	34.8867
TLY	UHWP	Plastun Airport	Plastun	44.814999	136.292007
TMC	WATK	Tambolaka Airport	Radamata	-9.409224	119.242558
TME	SKTM	Gustavo Vargas Airport	Tame	6.45108	-71.7603
TMF	VRNT	Thimarafushi Airport	Thimarafushi	2.211	73.1533
TMG	WBKM	Tomanggong Airport	Tomanggong	5.40257	118.65763
TMH	WAKT	Tanah Merah Airport	Tanah Merah	-6.09669	140.303521
TMI	VNTR	Tumling Tar Airport	Tumling Tar	27.315001	87.193298
TMJ	UZST	Termez Airport	Termez	37.287261	67.311869
TML	DGLE	Yakubu Tali International Airport	Tamale	9.553909	-0.86606
TMM	FMMT	Toamasina Ambalamanasy Airport	Toamasina	-18.113537	49.392262
TMP	EFTP	Tampere-Pirkkala Airport	Tampere / Pirkkala	61.414101	23.604401
TMR	DAAT	Aguenar – Hadj Bey Akhamok Airport	Tamanrasset	22.810992	5.450832
TMS	FPST	São Tomé International Airport	São Tomé	0.378175	6.71215
TMT	SBTB	Trombetas Airport	Oriximiná	-1.4896	-56.396801
TMW	YSTW	Tamworth Airport	Tamworth	-31.077898	150.845484
TMX	DAUT	Timimoun Airport	Timimoun	29.237101	0.276033
TNA	ZSJN	Jinan Yaoqiang International Airport	Jinan (Licheng)	36.857201	117.216003
TNC	PATC	Tin City Long Range Radar Station Airport	Tin City	65.563103	-167.921997
TND	MUTD	Alberto Delgado Airport	Trinidad	21.7883	-79.9972
TNE	RJFG	New Tanegashima Airport	Tanegashima	30.605100631699997	130.990997314
TNG	GMTT	Tangier Ibn Battuta Airport	Tangier	35.731741	-5.921459
TNH	ZYTN	Tonghua Sanyuanpu Airport	Tonghua	42.048435	125.733963
TNJ	WIDN	Raja Haji Fisabilillah International Airport	Tanjung Pinang-Bintan Island	0.92397	104.53341
TNK		Tununak Airport	Tununak	60.569638	-165.246649
TNM	SCRM	Teniente Rodolfo Marsh Martin Airport	Villa Las Estrellas	-62.191026	-58.98669
TNN	RCNN	Tainan International Airport / Tainan Air Base	Tainan (Rende)	22.950399	120.206001
TNR	FMMI	Ivato International Airport	Antananarivo	-18.7969	47.478802
TOD	WMBT	Tioman Airport	Tioman Island	2.81818	104.160004
TOE	DTTZ	Tozeur Nefta International Airport	Tozeur	33.939701080322266	8.110560417175293
TOF	UNTT	Tomsk Kamov Airport	Tomsk	56.380299	85.208298
TOG	PATG	Togiak Airport	Togiak Village	59.052799	-160.397003
TOL	KTOL	Eugene F. Kranz Toledo Express Airport	Toledo	41.5868	-83.8078
TOM	GATB	Tombouktou Airport	Timbuktu	16.730499	-3.00758
TOS	ENTC	Tromsø Airport	Tromsø	69.683296	18.9189
TOU	NWWU	Touho Airport	Touho	-20.790127	165.259524
TOW	SBTD	Toledo - Luiz Dalcanale Filho Municipal Airport	Toledo	-24.6863	-53.697498
TOY	RJNT	Toyama Kitokito Airport	Toyama	36.648416	137.187359
TPA	KTPA	Tampa International Airport	Tampa	27.9755	-82.533203
TPE	RCTP	Taiwan Taoyuan International Airport	Taoyuan	25.0777	121.233002
TPI	AYTI	Tapini Airport	Tapini	-8.35666666667	146.989166667
TPJ	VNTJ	Taplejung Airport	Taplejung	27.3509	87.69525
TPP	SPST	Cadete FAP Guillermo Del Castillo Paredes Airport	Tarapoto	-6.508739948272705	-76.37319946289062
TPQ	MMEP	Amado Nervo National Airport	Tepic	21.419833	-104.842472
TPS	LICT	Vincenzo Florio Airport Trapani-Birgi	Trapani (TP)	37.9114	12.488
TQA	BGTA	Tasiusaq Heliport	Tasiusaq	73.373055	-56.06028
TQI	BGTN	Tiniteqilaaq Heliport	Tiniteqilaaq	65.892027	-37.783409
TQO	MMTL	Felipe Carrillo Puerto International Airport Tulum	Tulum	20.172098	-87.660272
TQR	LINI	San Domino Island Heliport	Tremiti Islands	42.117775	15.490655
TRA	RORT	Tarama Airport	Tarama	24.653793	124.675453
TRC	MMTC	Francisco Sarabia Tinoco International Airport	Torreón	25.562265	-103.404608
TRD	ENVA	Trondheim Airport, Værnes	Trondheim	63.457802	10.924
TRE	EGPU	Tiree Airport	Balemartine, Argyll and Bute	56.499199	-6.86917
TRF	ENTO	Sandefjord Airport, Torp	Sandefjord(Torp)	59.186699	10.2586
TRG	NZTG	Tauranga Airport	Tauranga	-37.67190170288086	176.1959991455078
TRI	KTRI	Tri-Cities Regional TN/VA Airport	Blountville	36.475201	-82.407401
TRK	WAQQ	Juwata International Airport / Suharnoko Harbani AFB	Tarakan	3.325145	117.564169
TRN	LIMF	Turin Airport	Caselle Torinese (TO)	45.200802	7.64963
TRR	VCCT	China Bay Airport	Trincomalee	8.539159	81.18128
TRS	LIPQ	Trieste Airport	Ronchi dei Legionari/Trieste	45.827862	13.466672
TRT	WAFB	Toraja Airport	Toraja	-3.185833	119.91775
TRU	SPRU	Capitán FAP Carlos Martínez de Pinillos International Airport	Trujillo	-8.082382	-79.108821
TRV	VOTV	Thiruvananthapuram International Airport	Thiruvananthapuram	8.481889	76.920029
TRW	NGTA	Bonriki International Airport	South Tarawa	1.38164	173.147003
TRZ	VOTR	Tiruchirappalli International Airport	Tiruchirappalli	10.762915	78.717741
TSA	RCSS	Taipei Songshan International Airport	Taipei (Songshan)	25.067244	121.552822
TSF	LIPH	Treviso Airport	Treviso (TV)	45.648399	12.1944
TSJ	RJDT	Tsushima Airport	Tsushima	34.2849006653	129.330993652
TSM	KSKX	Taos Regional Airport	Taos	36.452494	-105.67749
TSN	ZBTJ	Tianjin Binhai International Airport	Tianjin	39.124401092499994	117.346000671
TSR	LRTR	Timișoara Traian Vuia International Airport	Timişoara	45.809898	21.3379
TSS		East 34th Street Heliport	New York	40.742372	-73.972074
TST	VTST	Trang Airport	Trang	7.50874	99.6166
TSV	YBTL	Townsville Airport / RAAF Base Townsville	Townsville	-19.252904	146.766512
TTA	GMAT	Tan Tan Airport	Tan Tan	28.447563	-11.161749
TTE	WAEE	Sultan Babullah Airport	Ternate	0.831012	127.381611
TTJ	RJOR	Tottori Sand Dunes Conan Airport	Tottori	35.530058	134.165023
TTN	KTTN	Trenton Mercer Airport	Ewing Township	40.276699	-74.813499
TTS	FMNT	Tsaratanana Airport	Tsaratanana	-16.751064	47.619016
TTT	RCFN	Taitung Airport	Taitung City	22.754856	121.101794
TTU	GMTN	Sania Ramel Airport	Tétouan	35.594299	-5.32002
TTW		Tissa Tank Waterdrome	Tissamaharama	6.2876	81.2906
TUA	SETU	Lieutenant Colonel Luis A. Mantilla International Airport	Tulcán	0.809506	-77.708099
TUB	NTAT	Tubuai Airport		-23.365400314331055	-149.5240020751953
TUC	SANT	Teniente Benjamín Matienzo International Airport	San Miguel de Tucumán	-26.837397	-65.104195
TUF	LFOT	Tours Val de Loire Airport	Tours, Indre-et-Loire	47.432201	0.727606
TUG	RPUT	Tuguegarao Airport	Tuguegarao City	17.6433676823	121.733150482
TUI	OETR	Turaif Domestic Airport	Turaif	31.692188	38.731544
TUK	OPTU	Turbat International Airport	Turbat	25.984767	63.028856
TUL	KTUL	Tulsa International Airport	Tulsa	36.197084	-95.886225
TUN	DTTA	Tunis Carthage International Airport	Tunis	36.851002	10.2272
TUO	NZAP	Taupo Airport	Taupo	-38.73970031738281	176.08399963378906
TUP	KTUP	Tupelo Regional Airport	Tupelo	34.26810073852539	-88.7698974609375
TUR	SBTU	Tucuruí Airport	Tucuruí	-3.78601	-49.720299
TUS	KTUS	Tucson International Airport	Tucson	32.115004	-110.938053
TUU	OETB	Prince Sultan bin Abdulaziz International Airport	Tabuk	28.3711	36.624865
TVC	KTVC	Cherry Capital Airport	Traverse City	44.741402	-85.582199
TVF	KTVF	Thief River Falls Regional Airport	Thief River Falls	48.065701	-96.184998
TVS	ZBSN	Tangshan Sannühe Airport	Tangshan (Fengrun)	39.7178	118.002625
TVT	UZTP	Tashkent-Khumo International Airport	Tashkent	41.312889	69.395535
TVU	NFNM	Matei Airport	Matei	-16.690599	-179.876999
TVY	VYDW	Dawei Airport	Dawei	14.1039	98.203598
TWA		Twin Hills Airport	Twin Hills	59.074713	-160.274992
TWC	ZWTS	Tumxuk Tangwangcheng Airport	Tumxuk	39.886663	79.233408
TWF	KTWF	Joslin Field Magic Valley Regional Airport	Twin Falls	42.4818	-114.487999
TWT	RPMN	Sanga Sanga Airport	Bongao	5.048196	119.743338
TWU	WBKW	Tawau Airport	Tawau	4.31338	118.12152
TXE	WITK	Rembele Airport	Takengon	4.72113	96.851943
TXK	KTXK	Texarkana Regional Airport (Webb Field)	Texarkana	33.453701	-93.990997
TXN	ZSTX	Huangshan Tunxi International Airport	Huangshan	29.733299	118.255997
TYF	ESST	Torsby Airport	Torsby	60.1576	12.9913
TYL	SPYL	Captain Victor Montes Arias International Airport	Talara	-4.57664	-81.254097
TYN	ZBYN	Taiyuan Wusu International Airport	Taiyuan	37.746899	112.627998
TYR	KTYR	Tyler Pounds Regional Airport	Tyler	32.35409927368164	-95.40239715576172
TYS	KTYS	McGhee Tyson Airport	Knoxville/Maryville	35.811001	-83.994003
TZA		Sir Barry Bowen Municipal Airport	Belize City	17.517239	-88.195775
TZL	LQTZ	Tuzla International Airport	Dubrave Gornje	44.459858	18.723627
TZN	MYAK	Congo Town Airport	Andros	24.158701	-77.589798
TZX	LTCG	Trabzon International Airport	Trabzon	40.995098	39.7897
UAH	NTMU	Ua Huka Airport	Ua Huka	-8.936228	-139.554062
UAI	WPDB	Commander in Chief of FALINTIL, Kay Rala Xanana Gusmão, International Airport	Suai	-9.301856	125.286302
UAK	BGBW	Narsarsuaq Airport	Narsarsuaq	61.15958	-45.42469
UAP	NTMP	Ua Pou Airport	Ua Pou	-9.35167	-140.078003
UAQ	SANU	Domingo Faustino Sarmiento Airport	San Juan	-31.571501	-68.418198
UBA	SBUR	Mário de Almeida Franco Airport	Uberaba	-19.765036	-47.964805
UBB	YMAA	Mabuiag Island Airport	Mabuiag Island	-9.950168	142.19523
UBJ	RJDC	Yamaguchi Ube Airport	Ube	33.93	131.279007
UBN	ZMCK	Ulaanbaatar Chinggis Khaan International Airport	Ulaanbaatar (Sergelen)	47.646916	106.819833
UBP	VTUU	Ubon Ratchathani Airport	Ubon Ratchathani	15.2512998581	104.870002747
UCB		Ulanqab Jining Airport	Ulanqab	41.130266	113.107274
UCT	UUYH	Ukhta Airport	Ukhta	63.566898	53.804699
UDI	SBUL	Ten. Cel. Aviador César Bombonato Airport	Uberlândia	-18.883579	-48.225936
UDJ	UKLU	Uzhhorod International Airport	Uzhhorod	48.6343	22.263399
UDR	VAUD	Maharana Pratap Airport	Udaipur	24.617700576799997	73.89610290530001
UEL	FQQL	Quelimane Airport	Quelimane	-17.855499267578125	36.86909866333008
UEO	ROKJ	Kumejima Airport	Kumejima	26.363445	126.71384
UET	OPQT	Quetta International Airport	Quetta	30.2514	66.937798
UFA	UWUU	Ufa International Airport	Ufa	54.557498931885	55.874401092529
UGA	ZMBN	Bulgan Airport	Bulgan	48.85499954223633	103.47599792480469
UGC	UZNU	Urgench International Airport	Urgench	41.58274	60.64338
UGI		San Juan /Uganik/ Seaplane Base	San Juan	57.7304	-153.320999
UGU		Bilorai Airport	Bilogai	-3.739503	137.031183
UIB	SKUI	El Caraño Airport	Quibdó	5.69076	-76.6412
UIH	VVPC	Phu Cat Airport	Quy Nohn	13.955	109.042
UII	MHUT	Utila Airport	Utila Island	16.1131	-86.880302
UIN	KUIN	Quincy Regional Airport Baldwin Field	Quincy	39.942699	-91.194603
UIO	SEQM	Mariscal Sucre International Airport	Quito	-0.125399	-78.354306
UIT		Jaluit Airport	Jabor Jaluit Atoll	5.909213	169.637256
UJE		Ujae Atoll Airport	Ujae Atoll	8.92806	165.761993
UKB	RJBE	Kobe Airport	Kobe	34.632801	135.223999
UKE	VEUK	Utkela Airport	Bhawanipatna	20.097778	83.183333
UKG	UEBT	Ust-Kuyga Airport	Ust-Kuyga	70.011002	135.645004
UKK	UASK	Oskemen International Airport	Ust-Kamenogorsk (Oskemen)	50.035033	82.496057
UKX	UITT	Ust-Kut Airport	Ust-Kut	56.856701	105.730003
ULG	ZMUL	Ölgii Mongolei International Airport	Ölgii	48.993301	89.922501
ULH	OEAO	Al-Ula International Airport	Al-Ula	26.483634	38.117048
ULK	UERL	Lensk Airport	Lensk	60.7206001282	114.825996399
ULO	ZMUG	Ulaangom Airport	Ulaangom	50.066588	91.938273
ULP	YQLP	Quilpie Airport		-26.609176	144.253746
ULU	HUGU	Gulu Airport	Gulu	2.8055601119995117	32.27180099487305
ULV	UWLL	Ulyanovsk Baratayevka Airport	Ulyanovsk	54.27016	48.225569
ULY	UWLW	Ulyanovsk Vostochny Airport	Cherdakly	54.401001	48.8027
ULZ	ZMDN	Donoi Airport	Uliastai	47.7093	96.5258
UMD	BGUM	Uummannaq Heliport	Uummannaq	70.680428	-52.11163
UME	ESNU	Umeå Airport	Umeå	63.791801	20.282801
UMS	UEMU	Ust-Maya Airport	Ust-Maya	60.356998443604	134.43499755859
UMU	SSUM	Orlando de Carvalho Airport	Umuarama	-23.7987	-53.313801
UNA	SBTC	Una-Comandatuba Airport	Una	-15.354358	-38.998729
UNG	AYKI	Kiunga Airport	Kiunga	-6.1257100105285645	141.28199768066406
UNI	TVSU	Union Island International Airport	Union Island	12.600135	-61.411945
UNK	PAUN	Unalakleet Airport	Unalakleet	63.888401	-160.798996
UNN	VTSR	Ranong Airport	Ranong	9.77762	98.585503
UOL	WAFY	Buol - Pogogul Airport	Buol	1.102318	121.413358
UPG	WAAA	Sultan Hasanuddin International Airport	Makassar	-5.075539	119.553702
UPN	MMPN	Uruapan - Licenciado y General Ignacio Lopez Rayon International Airport	Uruapan	19.3967	-102.039001
URA	UARR	Manshuk Mametova International Airport	Uralsk	51.151976	51.543652
URC	ZWWW	Ürümqi Tianshan International Airport	Ürümqi	43.913584	87.479372
URE	EEKE	Kuressaare Airport	Kuressaare	58.22990036010742	22.50950050354004
URG	SBUG	Rubem Berta Airport	Uruguaiana	-29.7822	-57.0382
URJ	USHU	Uray Airport	Uray	60.103298	64.826698
URS	UUOK	Kursk East Airport	Kursk	51.7505989074707	36.29560089111328
URT	VTSB	Surat Thani Airport	Surat Thani	9.13259983063	99.135597229
URY	OEGT	Gurayat Domestic Airport	Gurayat	31.412413	37.278898
USA	KJQF	Concord-Padgett Regional Airport	Concord	35.387798	-80.709099
USH	SAWH	Ushuaia - Malvinas Argentinas International Airport	Ushuaia	-54.8433	-68.2958
USJ	UAAL	Usharal Airport	Usharal	46.190767	80.830922
USK	UUYS	Usinsk Airport	Usinsk	66.0047	57.367199
USM	VTSM	Samui International Airport	Na Thon (Ko Samui Island)	9.54779	100.061996
USN	RKPU	Ulsan Airport	Ulsan	35.59349823	129.352005005
USR	UEMT	Ust-Nera Airport	Ust-Nera	64.550003	143.115005
UST	KSGJ	Northeast Florida Regional Airport	St Augustine	29.9592	-81.339798
USU	RPVV	Francisco B. Reyes (Busuanga) Airport	Coron	12.121865	120.100801
UTH	VTUD	Udon Thani International Airport	Udon Thani	17.386186	102.788577
UTK		Utirik Airport	Utirik Island	11.222219	169.851429
UTN	FAUP	Upington Airport	Upington	-28.400246	21.263592
UTO	PAIM	Indian Mountain LRRS Airport	Utopia Creek	65.992798	-153.703995
UTP	VTBU	U-Tapao–Rayong–Pattaya International Airport	Rayong	12.6799	101.004997
UTT	FAUT	K. D. Matanzima Airport	Mthatha	-31.546363184900002	28.6733551025
UUA	UWKB	Bugulma Airport	Bugulma	54.641184	52.800229
UUD	UIUU	Baikal International Airport	Ulan Ude	51.808614	107.439652
UUS	UHSS	Yuzhno-Sakhalinsk International Airport	Yuzhno-Sakhalinsk	46.885461	142.717466
UVE	NWWV	Ouvéa Airport	Ouvéa	-20.640932	166.573024
UVF	TLPL	Hewanorra International Airport	Vieux Fort	13.7332	-60.952599
UVI	SSUV	José Cleto Airport	União da Vitória	-26.233224	-51.066754
UYL	HSNN	Nyala Airport	Nyala	12.0535	24.9562
UYN	ZLYL	Yulin Yuyang Airport	Yulin	38.35971	109.590927
UYU	SLUY	Joya Andina International Airport	Quijarro	-20.441304	-66.857553
UZR	UASU	Urzhar Airport	Urzhar	47.091786	81.668216
VAA	EFVA	Vaasa Airport	Vaasa	63.05023	21.762543
VAI	AYVN	Vanimo Airport	Vanimo	-2.6926	141.3028
VAK	PAVA	Chevak Airport	Chevak	61.5409	-165.6005
VAL	SNVB	Valença Airport	Valença	-13.2965	-38.992401
VAM	VRMV	Villa International Airport Maamigili	Maamigili	3.471751	72.832633
VAN	LTCI	Van Ferit Melen Airport	Van	38.46820068359375	43.332298278808594
VAO	AGGV	Suavanao Airport	Suavanao	-7.58556	158.731003
VAQ		Vanavara Airport	Vanavara	60.356229	102.309641
VAR	LBWN	Varna Airport	Varna	43.232101	27.8251
VAS	LTAR	Sivas Nuri Demirağ Airport	Sivas	39.813801	36.9035
VAV	NFTV	Vava'u International Airport	Vava'u Island	-18.5853	-173.962006
VAW	ENSS	Vardø Airport, Svartnes	Vardø	70.3554	31.044901
VBS	LIPO	Brescia Gabriele d'Annunzio Airport	Montichiari (BS)	45.428902	10.3306
VBV	NFVB	Vanua Balavu Airport	Vanua Balavu	-17.268999099731445	-178.9759979248047
VBY	ESSV	Visby Airport	Visby	57.6628	18.346201
VCA	VVCT	Can Tho International Airport	Can Tho	10.083397	105.709371
VCE	LIPZ	Venice Marco Polo Airport	Venezia (VE)	45.505299	12.3519
VCL	VVCA	Chu Lai Airport	Tam Nghĩa	15.4033	108.706001
VCP	SBKP	Viracopos International Airport	Campinas	-23.007404	-47.134502
VCS	VVCS	Con Dao Airport	Con Dao	8.73183	106.633003
VCT	KVCT	Victoria Regional Airport	Victoria	28.85260009765625	-96.91850280761719
VDC	SBVC	Glauber de Andrade Rocha Airport	Vitória da Conquista	-14.907885	-40.914804
VDE	GCHI	El Hierro Airport	El Hierro Island	27.8148	-17.8871
VDH	VVDH	Dong Hoi Airport	Dong Hoi	17.515	106.590556
VDM	SAVV	Gobernador Castello Airport	Viedma / Carmen de Patagones	-40.8692	-63.0004
VDO	VVVD	Van Don International Airport	Van Don	21.120693	107.41539
VDS	ENVD	Vadsø Airport	Vadsø	70.0653	29.8447
VDZ	PAVD	Valdez Pioneer Field	Valdez	61.132712	-146.246567
VEE	PAVE	Venetie Airport	Venetie	67.008698	-146.365997
VEL	KVEL	Vernal Regional Airport	Vernal	40.436214	-109.511661
VEO		Severo-Yeniseysk Airport	Severo-Yeniseysk	60.373299	93.011703
VER	MMVR	General Heriberto Jara International Airport	Veracruz	19.139589	-96.188602
VFA	FVFA	Victoria Falls International Airport	Victoria Falls	-18.097437	25.836867
VGA	VOBZ	Vijayawada International Airport	Vijayawada	16.530011	80.804888
VGO	LEVX	Vigo Airport	Vigo	42.2318	-8.62677
VHM	ESNV	Vilhelmina South Lapland Airport	Vilhelmina	64.579102	16.833599
VHV	UENI	Verkhnevilyuisk Airport	Verkhnevilyuisk	63.458057403564	120.26916503906
VIE	LOWW	Vienna International Airport	Vienna	48.110298	16.5697
VIG	SVVG	Juan Pablo Pérez Alfonso Airport	El Vigía	8.624139	-71.672668
VII	VVVH	Vinh Airport	Vinh	18.7376003265	105.67099762
VIJ	TUPW	Virgin Gorda Airport	Spanish Town	18.446634	-64.427932
VIL	GMMH	Dakhla Airport	Dakhla	23.7183	-15.932
VIT	LEVT	Vitoria Airport	Alava	42.882801	-2.72447
VIX	SBVT	Eurico de Aguiar Salles International Airport	Vitória	-20.258	-40.285
VJB	FQXA	Xai-Xai Chongoene Airport	Xai-Xai	-24.892909	33.753024
VKG	VVRG	Rach Gia Airport	Rach Gia	9.95802997234	105.132379532
VKO	UUWW	Vnukovo International Airport	Moscow	55.591499	37.261501
VKT	UUYW	Vorkuta Airport	Vorkuta	67.488602	63.993099
VLC	LEVC	Valencia Airport	Valencia	39.489162	-0.480961
VLD	KVLD	Valdosta Regional Airport	Valdosta	30.782499313354492	-83.27670288085938
VLI	NVVV	Bauerfield International Airport	Port Vila	-17.699301	168.320007
VLL	LEVD	Valladolid Airport	Valladolid	41.7061	-4.85194
VLN	SVVA	Arturo Michelena International Airport	Valencia	10.149733	-67.928398
VLS	NVSV	Valesdir Airport	Epi Island	-16.796100616500002	168.177001953
VLV	SVVL	Dr. Antonio Nicolás Briceño Airport	Valera	9.340478	-70.584061
VMU	AYBA	Baimuru Airport	Baimuru	-7.496955	144.821756
VNO	EYVI	Vilnius International Airport	Vilnius	54.634102	25.285801
VNS	VEBN	Lal Bahadur Shastri International Airport	Varanasi	25.452171	82.862549
VNX	FQVL	Vilankulo Airport	Vilanculo	-22.018400192260742	35.31330108642578
VOG	URWW	Volgograd International Airport	Volgograd	48.78134	44.339194
VOL	LGBL	Nea Anchialos National Airport	Nea Anchialos	39.219601	22.7943
VOZ	UUOO	Voronezh International Airport	Voronezh	51.814324	39.230948
VPE	FNGI	Ngjiva Pereira Airport	Ngiva	-17.0435009003	15.683799743700002
VPN	BIVO	Vopnafjörður Airport	Vopnafjörður	65.720596	-14.8506
VPS	KVPS	Destin-Fort Walton Beach Airport	Valparaiso	30.481315	-86.515839
VPY	FQCH	Chimoio Airport	Chimoio	-19.15130043029785	33.42900085449219
VQS	TJVQ	Antonio Rivera Rodriguez Airport	Vieques	18.1348	-65.493599
VRA	MUVR	Juan Gualberto Gomez International Airport	Matanzas	23.034401	-81.435303
VRB	KVRB	Vero Beach Regional Airport	Vero Beach	27.6556	-80.417901
VRC	RPUV	Virac Airport	Virac	13.576399803161621	124.20600128173828
VRL	LPVR	Vila Real Airport	Vila Real	41.2743	-7.72047
VRN	LIPX	Verona Villafranca Valerio Catullo Airport	Caselle (VR)	45.394955	10.887303
VRY		Værøy Heliport	Værøy	67.654555	12.727257
VSA	MMVA	Carlos Rovirosa Pérez International Airport	Villahermosa	17.994283	-92.818199
VSE	LPVZ	Aerodromo Goncalves Lobato (Viseu Airport)	Viseu	40.725498	-7.88899
VST	ESOW	Stockholm Västerås Airport	Stockholm / Västerås	59.589401	16.6336
VSV		Shravasti Airport	Shravasti	27.499732	82.032927
VTE	VLVT	Wattay International Airport	Vientiane	17.985052	102.566692
VTU	MUVT	Hermanos Ameijeiras Airport	Las Tunas	20.9876	-76.935799
VTZ	VOVZ	Visakhapatnam International Airport	Visakhapatnam	17.723506	83.227729
VUP	SKVP	Alfonso López Pumarejo Airport	Valledupar	10.435	-73.2495
VUS	ULWU	Velikiy Ustyug Airport	Velikiy Ustyug	60.7883	46.259998
VVC	SKVV	Vanguardia Airport	Villavicencio	4.16787	-73.6138
VVI	SLVR	Viru Viru International Airport	Santa Cruz	-17.6448	-63.135399
VVO	UHWW	Vladivostok International Airport	Artyom	43.396256	132.148155
VVZ	DAAP	Illizi Takhamalt Airport	Illizi	26.723499	8.62265
VXC	FQLC	Lichinga Airport	Lichinga	-13.274	35.2663
VXE	GVSV	Cesaria Evora International Airport	São Pedro	16.833363	-25.055308
VXO	ESMX	Växjö Kronoberg Airport	Växjö	56.929100036621094	14.727999687194824
VYI	UENW	Vilyuisk Airport	Vilyuisk	63.756668	121.693336
WAA	PAIW	Wales Airport	Wales	65.622593	-168.095
WAE	OEWD	Wadi Al Dawasir Domestic Airport	Wadi Al Dawasir	20.504299	45.1996
WAG	NZWU	Wanganui Airport	Wanganui	-39.963467	175.02444
WAW	EPWA	Warsaw Chopin Airport	Warsaw	52.165699	20.9671
WBB		Stebbins Airport	Stebbins	63.515999	-162.278
WBM	AYWD	Wapenamanda Airport	Wapenamanda	-5.635293	143.892231
WBQ	PAWB	Beaver Airport	Beaver	66.362198	-147.406998
WDH	FYWH	Hosea Kutako International Airport	Windhoek	-22.4799	17.4709
WDN		Waldron Airstrip	Eastsound	48.71141	-123.018208
WDS	ZHSY	Shiyan Wudangshan Airport	Shiyan (Maojian)	32.592889	110.906296
WEF	ZSWF	Weifang Nanyuan Airport	Weifang (Kuiwen)	36.646702	119.119003
WEH	ZSWH	Weihai Dashuibo Airport	Weihai	37.187099	122.228996
WEI	YBWP	Weipa Airport	Weipa	-12.677493	141.922618
WFB		Ketchikan Harbor Seaplane Base	Ketchikan	55.349899	-131.677002
WGA	YSWG	Wagga Wagga Airport	Forest Hill	-35.163484	147.46832
WGE	YWLG	Walgett Airport		-30.032801	148.126007
WGN	ZGSY	Shaoyang Wugang Airport	Shaoyang (Wugang)	26.806123	110.641042
WGP	WATU	Umbu Mehang Kunda Airport	Waingapu-Sumba Island	-9.66922	120.302002
WHA	ZSWA	Wuhu Xuanzhou Airport	Wuhu	31.1045	118.66687
WHD		Hyder Seaplane Base	Hyder	55.903324	-130.009975
WHK	NZWK	Whakatāne Airport	Whakatāne	-37.922224	176.91696
WIC	EGPC	Wick John O'Groats Airport	Wick	58.4589	-3.09306
WIL	HKNW	Nairobi Wilson Airport	Nairobi	-1.32172	36.8148
WIN	YWTN	Winton Airport		-22.36359977722168	143.08599853515625
WJR	HKWJ	Wajir Airport	Wajir	1.73324	40.091599
WJU	RKNW	Wonju Airport / Hoengseong Air Base (K-38/K-46)	Wonju	37.437113	127.960051
WKA	NZWF	Wanaka Airport	Wanaka	-44.722091	169.246287
WKJ	RJCW	Wakkanai Airport	Wakkanai	45.4042015076	141.800994873
WKK		Aleknagik / New Airport	Aleknagik	59.2826004028	-158.617996216
WLG	NZWN	Wellington International Airport	Wellington	-41.326839	174.806862
WLH	NVSW	Walaha Airport	Walaha	-15.412	167.690994
WLK	PASK	Selawik Airport	Selawik	66.600098	-159.985992
WLS	NLWW	Hihifo Airport	Wallis Island	-13.239445	-176.19865
WMI	EPMO	Warsaw Modlin Airport	Nowy Dwór Mazowiecki	52.451099	20.6518
WMN	FMNR	Maroantsetra Airport	Maroantsetra	-15.437742	49.689081
WMO	PAWM	White Mountain Airport	White Mountain	64.689201	-163.412994
WMT	ZUMT	Zunyi Maotai Airport	Zunyi	27.961837	106.435416
WMX	WAVV	Wamena Airport	Wamena	-4.097324	138.952417
WNA	PANA	Napakiak Airport	Napakiak	60.6903	-161.979004
WNH	ZPWS	Wenshan Puzhehei Airport	Wenshan	23.5583	104.3255
WNI	WAWD	Matahora Airport	Wangi-wangi Island	-5.292123	123.636233
WNN		Wunnumin Lake Airport	Wunnumin Lake	52.893902	-89.2892
WNP	RPUN	Naga Airport	Naga	13.58489990234375	123.2699966430664
WNR	YWDH	Windorah Airport	Windorah	-25.410641	142.668428
WNS	OPNH	Shaheed Benazirabad Airport	Nawabashah	26.2194	68.390099
WNZ	ZSWZ	Wenzhou Longwan International Airport	Wenzhou (Longwan)	27.910572	120.853465
WOL		Shellharbour Airport	Albion Park Rail	-34.5611	150.789001
WOS	ZKWS	Wonsan Kalma Airport	Wonsan	39.165219	127.487931
WPL		Powell Lake Seaplane Base	Powell River	49.887335	-124.53372
WRE	NZWR	Whangarei Airport	Whangarei	-35.769253	174.363713
WRG	PAWG	Wrangell Airport	Wrangell	56.48429871	-132.3699951
WRO	EPWR	Copernicus Wrocław Airport	Wrocław	51.103719	16.882096
WRY	EGEW	Westray Airport	Westray, Orkney Islands	59.350475	-2.950062
WSI	YSWS	Nancy Bird Walton, Western Sydney International Airport	Sydney	-33.88806	150.71472
WSK	ZUWS	Chongqing Wushan Airport	Wushan	31.06896	109.708958
WSN	PFWS	South Naknek Number 2 Airport	South Naknek	58.702362	-157.005444
WST	KWST	Westerly State Airport	Westerly	41.349602	-71.803398
WSX		Westsound/WSX Seaplane Base	West Sound	48.617901	-122.956903
WSZ	NZWS	Westport Airport	Westport	-41.737111	171.579033
WTA	FMMU	Tambohorano Airport	Tambohorano	-17.476101	43.972801
WTB	YBWW	Toowoomba Wellcamp Airport	Toowoomba	-27.558332	151.793335
WTE		Wotje Airport	Wotje	9.458333	170.238611
WTK	PAWN	Noatak Airport	Noatak	67.561241	-162.980461
WTL		Tuntutuliak Airport	Tuntutuliak	60.351243	-162.654476
WTO		Wotho Island Airport	Wotho Island	10.1733	166.003006
WUA	ZBUH	Wuhai Airport	Wuhai	39.7934	106.7993
WUH	ZHHH	Wuhan Tianhe International Airport	Wuhan (Huangpi)	30.774798	114.213723
WUN	YWLU	Wiluna Airport		-26.629199981689453	120.22100067138672
WUS	ZSWY	Nanping Wuyishan Airport	Wuyishan	27.7019	118.000999
WUT	ZBXZ	Xinzhou Wutaishan Airport	Xinzhou	38.597456	112.969173
WUU	HSWW	Wau Airport	Wau	7.72583	27.975
WUX	ZSWX	Sunan Shuofang International Airport	Wuxi	31.496952	120.43038
WUZ	ZGWZ	Wuzhou Xijiang Airport	Tangbu	23.40316	111.09331
WVB	FYWB	Walvis Bay International Airport	Walvis Bay(Rooikop)	-22.979332	14.647102
WWK	AYWK	Wewak International Airport	Wewak	-3.58383011818	143.669006348
WWP		Whale Pass Seaplane Float Harbor Facility	Whale Pass	56.116299	-133.121994
WWT	PAEW	Mertarvik Airport	Mertarvik	60.81037	-164.499511
WXN	ZUWX	Wanzhou Wuqiao Airport	Wanzhou	30.8017	108.433
WYA	YWHA	Whyalla Airport	Whyalla	-33.05889892578125	137.51400756835938
WYS	KWYS	Yellowstone Airport	West Yellowstone	44.6884	-111.117996
XAI	ZHXY	Xinyang Minggang Airport	Xinyang	32.540819	114.079141
XAP	SBCH	Serafin Enoss Bertaso Airport	Chapecó	-27.134199	-52.656601
XBE		Bearskin Lake Airport	Bearskin Lake	53.965599060058594	-91.0271987915039
XBJ	OIMB	Birjand International Airport	Birjand	32.896525	59.281258
XCH	YPXM	Christmas Island International Airport	Flying Fish Cove	-10.450387	105.6911
XCR	LFOK	Chalons Vatry airport	Chalons en Champagne	48.77333	4.20611
XEQ	BGTQ	Tasiusaq Heliport	Tasiusak	60.194305	-44.813447
XFN	ZHXF	Xiangyang Liuji Airport	Xiangyang (Xiangzhou)	32.152222	112.291666
XGR	CYLU	Kangiqsualujjuaq (Georges River) Airport	Kangiqsualujjuaq	58.711399	-65.992798
XIC	ZUXC	Xichang Qingshan Airport	Liangshan (Xichang)	27.9891	102.183998
XIL	ZBXH	Xilinhot Airport	Xilinhot	43.91559982299805	115.96399688720703
XIQ		Ilimanaq Heliport	Ilimanaq	69.080915	-51.114315
XIY	ZLXY	Xi'an Xianyang International Airport	Xi'an	34.442207	108.762385
XKH	VLXK	Xieng Khouang Airport	Xieng Khouang	19.450001	103.157997
XKS	CYAQ	Kasabonika Airport	Kasabonika	53.52470016479492	-88.6427993774414
XLB	CZWH	Lac Brochet Airport	Lac Brochet	58.614279	-101.468954
XMH	NTGI	Manihi Airport		-14.436800003051758	-146.07000732421875
XMN	ZSAM	Xiamen Gaoqi International Airport	Xiamen	24.543889	118.127454
XMS	SEMC	Coronel E Carvajal Airport	Macas	-2.2991700172424316	-78.12079620361328
XMY	YYMI	Yam Island Airport	Yam Island	-9.899187	142.774265
XNA	KXNA	Northwest Arkansas National Airport	Fayetteville/Springdale/Rogers	36.281898	-94.306801
XNN	ZLXN	Xining Caojiabao International Airport	Haidong (Huzhu Tu Autonomous County)	36.52775	102.040215
XPK	CZFG	Pukatawagan Airport	Pukatawagan	55.749199	-101.265999
XPL	MHPR	Palmerola International Airport	Palmerola	14.3824	-87.621201
XQP	MRQP	Quepos Managua Airport	Quepos	9.44316	-84.129799
XQU		Qualicum Beach Airport	Qualicum Beach	49.337456	-124.393086
XRY	LEJR	Jerez Airport	Jerez de la Frontera	36.744598	-6.06011
XSC	MBSC	South Caicos Airport	South Caicos	21.515699	-71.528503
XSI	CZSN	South Indian Lake Airport	South Indian Lake	56.792801	-98.907204
XSP	WSSL	Seletar Airport	Seletar	1.41555	103.86673
XTG	YTGM	Thargomindah Airport	Thargomindah	-27.986368	143.812065
XTL	CYBQ	Tadoule Lake Airport	Tadoule Lake	58.706308	-98.511057
XUZ	ZSXZ	Xuzhou Guanyin International Airport	Xuzhou	34.059056	117.555278
XWA	KXWA	Williston Basin International Airport	Williston	48.260863	-103.75116
XYA	AGGY	Yandina Airport	Yandina	-9.092816	159.21841
YAA		Anahim Lake Airport	Anahim Lake	52.451501	-125.303776
YAB	CYAB	Arctic Bay Airport	Arctic Bay	73.006101	-85.04616
YAC	CYAC	Cat Lake Airport	Cat Lake	51.7272	-91.824402
YAG	CYAG	Fort Frances Municipal Airport	Fort Frances	48.655749	-93.44349
YAJ		Lyall Harbour Seaplane Base	Saturna Island	48.795274	-123.181801
YAK	PAYA	Yakutat Airport	Yakutat	59.508717	-139.660435
YAL	CYAL	Alert Bay Airport	Alert Bay	50.582199	-126.916
YAM	CYAM	Sault Ste Marie Airport	Sault Ste Marie	46.483216	-84.508467
YAP	PTYA	Yap International Airport	Yap Island	9.49891	138.082993
YAQ		Maple Bay Seaplane Base	Maple Bay	48.8167	-123.6084
YAS	NFSW	Yasawa Island Airport	Yasawa Island	-16.7589	177.544998
YAT	CYAT	Attawapiskat Airport	Attawapiskat	52.927502	-82.4319
YAV		Mayne Island Seaplane Base	Miners Bay	48.852241	-123.301982
YAX		Wapekeka Airport	Angling Lake	53.84920120239258	-89.57939910888672
YAY	CYAY	St. Anthony Airport	St. Anthony	51.391909	-56.08321
YAZ	CYAZ	Tofino / Long Beach Airport	Tofino	49.079833	-125.775583
YBB	CYBB	Kugaaruk Airport	Kugaaruk	68.535711	-89.805508
YBC	CYBC	Baie-Comeau Airport	Baie-Comeau	49.1325	-68.204399
YBE	CYBE	Uranium City Airport	Uranium City	59.561401	-108.481003
YBF		Bamfield Seaplane Base	Bamfield	48.835967	-125.137453
YBG	CYBG	Saguenay-Bagotville Airport	Saguenay	48.330123	-70.992012
YBI		Black Tickle Airport	Black Tickle	53.469836	-55.787501
YBK	CYBK	Baker Lake Airport	Baker Lake	64.29889678960001	-96.077796936
YBL	CYBL	Campbell River Airport	Campbell River	49.950802	-125.271004
YBP	ZUYB	Yibin Wuliangye Airport	Yibin (Cuiping)	28.858431	104.526157
YBQ		Telegraph Harbour Seaplane Base	Thetis Island	48.97	-123.664
YBR	CYBR	Brandon Municipal Airport	Brandon	49.91	-99.951897
YBT	CYBT	Brochet Airport	Brochet	57.8894	-101.679001
YBV	CYBV	Berens River Airport	Berens River	52.358898	-97.018303
YBW		Bedwell Harbour Seaplane Base	Bedwell Harbour	48.75	-123.233002
YBX	CYBX	Lourdes-de-Blanc-Sablon Airport	Blanc-Sablon	51.4436	-57.185299
YBY	CYBF	Bonnyville Airport	Bonnyville	54.304199	-110.744003
YCB	CYCB	Cambridge Bay Airport	Cambridge Bay	69.1081008911	-105.138000488
YCD	CYCD	Nanaimo Airport	Nanaimo	49.05497	-123.869863
YCG	CYCG	Castlegar/West Kootenay Regional Airport	Castlegar	49.296398	-117.632004
YCK	CYVL	Tommy Kochon Airport	Colville Lake	67.02015	-126.128364
YCL	CYCL	Charlo Airport	Charlo	47.990799	-66.330299
YCM	CYSN	Niagara District Airport	Niagara-on-the-Lake	43.191598	-79.171686
YCO	CYCO	Kugluktuk Airport	Kugluktuk	67.816408	-115.14307
YCR	CYCR	Cross Lake (Charlie Sinclair Memorial) Airport	Cross Lake	54.609758	-97.762442
YCS	CYCS	Chesterfield Inlet Airport	Chesterfield Inlet	63.346901	-90.731102
YCU	ZBYC	Yuncheng Yanhu International Airport	Yuncheng (Yanhu)	35.117823	111.034023
YCY	CYCY	Clyde River Airport	Clyde River	70.486099	-68.516701
YDA	CYDA	Dawson City Airport	Dawson City	64.04309844970703	-139.1280059814453
YDF	CYDF	Deer Lake Airport	Deer Lake	49.208159	-57.396147
YDL	CYDL	Dease Lake Airport	Dease Lake	58.422199	-130.031998
YDN	CYDN	Dauphin Barker Airport	Dauphin	51.1008	-100.052002
YDP	CYDP	Nain Airport	Nain	56.550778	-61.682224
YDV	CZTA	Bloodvein River Airport	Bloodvein River	51.784568	-96.692305
YEG	CYEG	Edmonton International Airport	Edmonton	53.3097	-113.580002
YEI	LTBR	Bursa Yenişehir Airport	Yenişehir	40.255199	29.562599
YEK	CYEK	Arviat Airport	Arviat	61.0942	-94.070801
YER	CYER	Fort Severn Airport	Fort Severn	56.018902	-87.676102
YEV	CYEV	Inuvik Mike Zubko Airport	Inuvik	68.30419921880001	-133.483001709
YFA	CYFA	Fort Albany Airport	Fort Albany	52.203451	-81.695194
YFB	CYFB	Iqaluit Airport	Iqaluit	63.756402	-68.555801
YFC	CYFC	Fredericton International Airport	Fredericton	45.868697	-66.529891
YFH	CYFH	Fort Hope Airport	Fort Hope	51.561901	-87.907799
YFJ	CYWE	Wekweètì Airport	Wekweètì	64.190804	-114.077002
YFO	CYFO	Flin Flon Airport	Flin Flon	54.678101	-101.681999
YFS	CYFS	Fort Simpson Airport	Fort Simpson	61.76020050048828	-121.23699951171875
YFX		St. Lewis (Fox Harbour) Airport	St. Lewis	52.372799	-55.673901
YGG		Ganges Seaplane Base	Salt Spring Island	48.8545	-123.4969
YGH	CYGH	Fort Good Hope Airport	Fort Good Hope	66.240658	-128.647757
YGJ	RJOH	Yonago Kitaro Airport / JASDF Miho Air Base	Yonago	35.492199	133.235992
YGL	CYGL	La Grande Rivière Airport	La Grande Rivière	53.625301361083984	-77.7042007446289
YGN		Greenway Sound Seaplane Base	Broughton Island	50.839	-126.775
YGO	CYGO	Gods Lake Narrows Airport	Gods Lake Narrows	54.55768	-94.490061
YGP	CYGP	Michel-Pouliot Gaspé Airport	Gaspé	48.774915	-64.481893
YGR	CYGR	Îles-de-la-Madeleine Airport	Les Îles-de-la-Madeleine	47.425242	-61.778612
YGT	CYGT	Igloolik Airport	Igloolik	69.3647	-81.816101
YGV	CYGV	Havre-Saint-Pierre Airport	Havre-Saint-Pierre	50.281898	-63.611401
YGW	CYGW	Kuujjuarapik Airport	Kuujjuarapik	55.281898498535156	-77.76529693603516
YGX	CYGX	Gillam Airport	Gillam	56.35712	-94.711504
YGZ	CYGZ	Grise Fiord Airport	Grise Fiord	76.425823	-82.908583
YHA		Port Hope Simpson Airport	Port Hope Simpson	52.528099060058594	-56.28609848022461
YHG		Charlottetown Airport	Charlottetown	52.765774	-56.11237
YHH		Campbell River Seaplane Base	Campbell River	50.049999	-125.25
YHI	CYHI	Ulukhaktok Holman Airport	Ulukhaktok	70.762802	-117.806
YHK	CYHK	Gjoa Haven Airport	Gjoa Haven	68.635597	-95.849701
YHM	CYHM	John C. Munro Hamilton International Airport	Hamilton	43.17348	-79.931185
YHO	CYHO	Hopedale Airport	Hopedale	55.448757	-60.228124
YHP	CYHP	Poplar Hill Airport	Poplar Hill	52.1133	-94.2556
YHR	CYHR	Chevery Airport	Chevery	50.468322	-59.637823
YHU	CYHU	Montréal / Saint-Hubert Metropolitan Airport	Montréal	45.517502	-73.416901
YHY	CYHY	Hay River / Merlyn Carter Airport	Hay River	60.8396987915	-115.782997131
YHZ	CYHZ	Halifax / Stanfield International Airport	Halifax	44.8807983398	-63.5085983276
YIA	WAHI	Yogyakarta International Airport	Yogyakarta	-7.905338	110.057264
YIC	ZSYC	Yichun Mingyueshan Airport	Yichun	27.8025	114.3062
YIE	ZBES	Arxan Yi'ershi Airport	Arxan	47.3106	119.9117
YIF	CYIF	St Augustin Airport	St-Augustin	51.2117	-58.658298
YIG		Big Bay Seaplane Base	Stuart Island	50.3923	-125.1372
YIH	ZHYC	Yichang Sanxia Airport	Yichang (Xiaoting)	30.554132	111.482563
YIK	CYIK	Ivujivik Airport	Ivujivik	62.417301	-77.925301
YIN	ZWYN	Ili Yining International Airport	Ili (Yining / Ghulja)	43.955799	81.330299
YIO	CYIO	Pond Inlet Airport	Pond Inlet	72.689494	-77.968941
YIV	CYIV	Island Lake Airport	Island Lake	53.857200622558594	-94.65360260009766
YIW	ZSYW	Yiwu Airport	Yiwu/Jinhua	29.342095	120.03116
YJT	CYJT	Stephenville Dymond International Airport	Stephenville	48.54339	-58.552892
YKA	CYKA	Kamloops John Moose Fulton Field Regional Airport	Kamloops	50.703038	-120.448641
YKF	CYKF	Region of Waterloo International Airport	Breslau	43.4608	-80.378601
YKG	CYAS	Kangirsuk Airport	Kangirsuk	60.027199	-69.999199
YKH	ZYYK	Yingkou Lanqi Airport	Yingkou (Laobian)	40.542524	122.3586
YKL	CYKL	Schefferville Airport	Schefferville	54.805301666259766	-66.8052978515625
YKM	KYKM	Yakima Air Terminal McAllister Field	Yakima	46.56819916	-120.5439987
YKO	LTCW	Hakkari Yüksekova Airport	Hakkari	37.5497	44.2381
YKQ	CYKQ	Waskaganish Airport	Waskaganish	51.473301	-78.758301
YKS	UEEE	Platon Oyunsky Yakutsk International Airport	Yakutsk	62.0933	129.770996
YKU		Chisasibi Airport	Chisasibi	53.805599212646484	-78.91690063476562
YLC	CYLC	Kimmirut Airport	Kimmirut	62.848253	-69.877853
YLE		Whatì Airport	Whatì	63.131699	-117.246002
YLH	CYLH	Lansdowne House Airport	Lansdowne House	52.195599	-87.934196
YLK	CYLS	Barrie-Lake Simcoe Regional Airport	Barrie	44.485056	-79.554663
YLL	CYLL	Lloydminster Airport	Lloydminster	53.3092	-110.072998
YLW	CYLW	Kelowna International Airport	Kelowna	49.9561	-119.377998
YLX	ZGYL	Yulin Fumian Airport	Yulin	22.433042	110.119996
YMF		Montague Harbour Seaplane Base	Galiano Island	48.89225	-123.39215
YMH	CYMH	Mary's Harbour Airport	Mary's Harbour	52.302837	-55.847433
YMM	CYMM	Fort McMurray International Airport	Fort McMurray	56.653301	-111.222
YMN	CYFT	Makkovik Airport	Makkovik	55.077335	-59.187942
YMO	CYMO	Moosonee Airport	Moosonee	51.291099548339844	-80.60780334472656
YMP		Port McNeill Airport	Port McNeill	50.57348	-127.027702
YMS	SPMS	Moises Benzaquen Rengifo Airport	Yurimaguas	-5.89377	-76.118202
YMT	CYMT	Chapais Airport	Chibougamau	49.77190017700195	-74.5280990600586
YMX	CYMX	Montreal Mirabel International Airport	Montréal	45.679501	-74.038696
YNA	CYNA	Natashquan Airport	Natashquan	50.190114	-61.78898
YNB	OEYN	Prince Abdulmohsen Bin Abdulaziz International Airport	Yanbu	24.144199	38.0634
YNC	CYNC	Wemindji Airport	Wemindji	53.010601	-78.8311
YND	CYND	Ottawa / Gatineau Airport	Gatineau	45.521702	-75.563599
YNE	CYNE	Norway House Airport	Norway House	53.958302	-97.8442
YNJ	ZYYJ	Yanji Chaoyangchuan Airport	Yanji	42.8828010559	129.451004028
YNL	CYNL	Points North Landing Airport	Points North Landing	58.27669906616211	-104.08200073242188
YNO		North Spirit Lake Airport	North Spirit Lake	52.4900016784668	-92.97109985351562
YNP		Natuashish Airport	Natuashish	55.913898	-61.184399
YNS	CYHH	Nemiscau Airport	Nemiscau	51.691101	-76.135597
YNT	ZSYT	Yantai Penglai International Airport	Yantai	37.659724	120.978124
YNY	RKNY	Yangyang International Airport	Gonghang-ro	38.060481	128.669822
YNZ	ZSYN	Yancheng Nanyang International Airport	Yancheng (Tinghu)	33.428317	120.20545
YOC	CYOC	Old Crow Airport	Old Crow	67.570602	-139.839005
YOG	CYKP	Ogoki Post Airport	Ogoki Post	51.6585998535	-85.9017028809
YOH	CYOH	Oxford House Airport	Oxford House	54.9333	-95.2789
YOJ	CYOJ	High Level Airport	High Level	58.62139892578125	-117.16500091552734
YOL	DNYO	Yola Airport	Yola	9.257550239562988	12.430399894714355
YON	VQTY	Yongphulla Airport	Yongphulla	27.25627	91.514633
YOW	CYOW	Ottawa Macdonald-Cartier International Airport	Ottawa	45.322498	-75.669197
YPA	CYPA	Prince Albert Glass Field	Prince Albert	53.214199066199996	-105.672996521
YPC	CYPC	Paulatuk (Nora Aliqatchialuk Ruben) Airport	Paulatuk	69.360838	-124.07547
YPE	CYPE	Peace River Airport	Peace River	56.226898	-117.446999
YPH	CYPH	Inukjuak Airport	Inukjuak	58.471901	-78.076897
YPJ	CYLA	Aupaluk Airport	Aupaluk	59.2967	-69.599701
YPL	CYPL	Pickle Lake Airport	Pickle Lake	51.4463996887207	-90.21420288085938
YPM	CYPM	Pikangikum Airport	Pikangikum	51.819698	-93.973297
YPN	CYPN	Port-Menier Airport	Port-Menier	49.836399	-64.288597
YPO	CYPO	Peawanuck Airport	Peawanuck	54.987932	-85.442648
YPQ	CYPQ	Peterborough Regional Airport	Peterborough	44.232251	-78.362053
YPR	CYPR	Prince Rupert Airport	Prince Rupert	54.286098480199996	-130.445007324
YPW	CYPW	Powell River Airport	Powell River	49.83420181274414	-124.5
YPX	CYPX	Puvirnituq Airport	Puvirnituq	60.050598	-77.286903
YPY	CYPY	Fort Chipewyan Airport	Fort Chipewyan	58.7672004699707	-111.11699676513672
YPZ	CYPZ	Burns Lake Airport	Burns Lake	54.3764	-125.950996
YQA	CYQA	Muskoka Airport	Gravenhurst	44.975376	-79.306546
YQB	CYQB	Quebec Jean Lesage International Airport	Quebec	46.7911	-71.393303
YQC	CYHA	Quaqtaq Airport	Quaqtaq	61.046398	-69.617798
YQD	CYQD	The Pas Airport	The Pas	53.97140121459961	-101.09100341796875
YQG	CYQG	Windsor International Airport	Windsor	42.2756	-82.955597
YQH	CYQH	Watson Lake Airport	Watson Lake	60.116839	-128.821993
YQK	CYQK	Kenora Airport	Kenora	49.788299560546875	-94.36309814453125
YQL	CYQL	Lethbridge County Airport	Lethbridge	49.6302986145	-112.800003052
YQM	CYQM	Greater Moncton Roméo LeBlanc International Airport	Moncton	46.113189	-64.67719
YQN	CYQN	Nakina Airport	Nakina	50.18280029296875	-86.69640350341797
YQQ	CYQQ	Comox Valley International Airport / CFB Comox	Comox	49.7108	-124.887001
YQR	CYQR	Regina International Airport	Regina	50.431938	-104.660906
YQT	CYQT	Thunder Bay International Airport	Thunder Bay	48.371899	-89.323898
YQU	CYQU	Grande Prairie Airport	Grande Prairie	55.1796989441	-118.885002136
YQX	CYQX	Gander International Airport	Gander	48.936258	-54.567719
YQY	CYQY	Sydney / J.A. Douglas McCurdy Airport	Sydney	46.161072	-60.049759
YQZ	CYQZ	Quesnel Airport	Quesnel	53.026100158691406	-122.51000213623047
YRA	CYRA	Rae Lakes Airport	Gamètì	64.116096	-117.309998
YRB	CYRB	Resolute Bay Airport	Resolute Bay	74.7169036865	-94.9693984985
YRF	CYCA	Cartwright Airport	Cartwright	53.682501	-57.042303
YRG		Rigolet Airport	Rigolet	54.1796989440918	-58.45750045776367
YRJ	CYRJ	Roberval Airport	Roberval	48.519665	-72.265735
YRL	CYRL	Red Lake Airport	Red Lake	51.066898345947266	-93.79309844970703
YRO	CYRO	Ottawa / Rockcliffe Airport	Ottawa	45.460496	-75.644001
YRS	CYRS	Red Sucker Lake Airport	Red Sucker Lake	54.167198	-93.557198
YRT	CYRT	Rankin Inlet Airport	Rankin Inlet	62.8114013672	-92.1157989502
YSB	CYSB	Sudbury Airport	Sudbury	46.625	-80.79889678955078
YSF	CYSF	Stony Rapids Airport	Stony Rapids	59.250301361083984	-105.84100341796875
YSG	CYLK	Lutselk'e Airport	Lutselk'e	62.417823	-110.682793
YSJ	CYSJ	Saint John Airport	Saint John	45.31610107421875	-65.89029693603516
YSK	CYSK	Sanikiluaq Airport	Sanikiluaq	56.536891	-79.250221
YSL	CYSL	Saint-Léonard Airport	Saint-Léonard	47.157097	-67.836242
YSM	CYSM	Fort Smith Airport	Fort Smith	60.020302	-111.961998
YSO		Postville Airport	Postville	54.9105	-59.78507
YSQ	ZYSQ	Songyuan Chaganhu Airport	Qian Gorlos Mongol Autonomous County	44.931143	124.552121
YST	CYST	St. Theresa Point Airport	St. Theresa Point	53.845261	-94.851966
YSY	CYSY	Sachs Harbour (David Nasogaluak Jr. Saaryuaq) Airport	Sachs Harbour	71.993896	-125.242996
YTE	CYTE	Cape Dorset Airport	Kinngait	64.230003	-76.526703
YTG		Sullivan Bay Seaplane Base	Sullivan Bay	50.885359	-126.831069
YTH	CYTH	Thompson Airport	Thompson	55.80110168457031	-97.86419677734375
YTL	CYTL	Big Trout Lake Airport	Big Trout Lake	53.817799	-89.896896
YTP		Tofino Harbour Seaplane Base	Tofino	49.155	-125.91
YTQ	CYTQ	Tasiujaq Airport	Tasiujaq	58.667801	-69.955803
YTS	CYTS	Timmins/Victor M. Power	Timmins	48.569698333699996	-81.376701355
YTW	ZWYT	Yutian Wanfang Airport	Hotan (Yutian)	36.8085	81.7827
YTY	ZSYA	Yangzhou Taizhou Airport	Yangzhou	32.5634	119.7198
YTZ	CYTZ	Billy Bishop Toronto City Airport	Toronto	43.627852	-79.39553
YUD	CYMU	Umiujaq Airport	Umiujaq	56.536098	-76.518303
YUL	CYUL	Montreal / Pierre Elliott Trudeau International Airport	Montréal	45.467837	-73.742294
YUM	KNYL	Yuma International Airport / Marine Corps Air Station Yuma	Yuma	32.650938	-114.609375
YUS	ZLYS	Yushu Batang Airport	Yushu (Batang)	32.836389	97.036389
YUT	CYUT	Naujaat Airport	Repulse Bay	66.521024	-86.225166
YUX	CYUX	Hall Beach Airport	Sanirajak	68.7761	-81.2425
YUY	CYUY	Rouyn Noranda Airport	Rouyn-Noranda	48.20610046386719	-78.83560180664062
YVB	CYVB	Bonaventure Airport	Bonaventure	48.071098	-65.460297
YVC	CYVC	La Ronge Airport	La Ronge	55.151401519800004	-105.262001038
YVM	CYVM	Qikiqtarjuaq Airport	Qikiqtarjuaq	67.54656	-64.03141
YVO	CYVO	Val-d'Or Airport	Val-d'Or	48.0532989502	-77.7827987671
YVP	CYVP	Kuujjuaq Airport	Kuujjuaq	58.096099853515625	-68.4269027709961
YVQ	CYVQ	Norman Wells Airport	Norman Wells	65.28160095214844	-126.7979965209961
YVR	CYVR	Vancouver International Airport	Vancouver	49.193901	-123.183998
YVV	CYVV	Wiarton Airport	Wiarton	44.7458	-81.107201
YVZ	CYVZ	Deer Lake Airport	Deer Lake	52.655613	-94.061208
YWB	CYKG	Kangiqsujuaq (Wakeham Bay) Airport	Kangiqsujuaq	61.5886	-71.929398
YWG	CYWG	Winnipeg / James Armstrong Richardson International Airport	Winnipeg	49.909999847399995	-97.2398986816
YWH	CYWH	Victoria Harbour Seaplane Base	Victoria	48.423782	-123.37198
YWJ	CYWJ	Déline Airport	Déline	65.211098	-123.435997
YWK	CYWK	Wabush Airport	Wabush	52.92190170288086	-66.8644027709961
YWL	CYWL	Williams Lake Airport	Williams Lake	52.1831016541	-122.054000854
YWM		Williams Harbour Airport	Williams Harbour	52.567377	-55.784883
YWP	CYWP	Webequie Airport	Webequie	52.959393	-87.374868
YWS		Whistler/Green Lake Water Aerodrome	Whistler	50.1436004639	-122.948997498
YXC	CYXC	Cranbrook/Canadian Rockies International Airport	Cranbrook	49.610802	-115.781998
YXE	CYXE	Saskatoon John G. Diefenbaker International Airport	Saskatoon	52.170723	-106.700793
YXH	CYXH	Medicine Hat Regional Airport	Medicine Hat	50.018902	-110.721001
YXJ	CYXJ	Fort St John / North Peace Regional Airport	Fort Saint John	56.238098	-120.739998
YXK	CYXK	Rimouski Airport	Rimouski	48.477644	-68.496323
YXL	CYXL	Sioux Lookout Airport	Sioux Lookout	50.11389923095703	-91.9052963256836
YXN	CYXN	Whale Cove Airport	Whale Cove	62.240002	-92.598099
YXP	CYXP	Pangnirtung Airport	Pangnirtung	66.144878	-65.713606
YXS	CYXS	Prince George (International) Airport	Prince George	53.884311	-122.666554
YXT	CYXT	Northwest Regional Airport Terrace-Kitimat	Terrace	54.468498	-128.576009
YXU	CYXU	London International Airport	London	43.032845	-81.149003
YXX	CYXX	Abbotsford International Airport	Abbotsford	49.025299	-122.361
YXY	CYXY	Whitehorse / Erik Nielsen International Airport	Whitehorse	60.708533	-135.065705
YYA	ZGYY	Yueyang Sanhe Airport	Yueyang (Yueyanglou)	29.311699	113.281574
YYB	CYYB	North Bay Jack Garland Airport	North Bay	46.363602	-79.422798
YYC	CYYC	Calgary International Airport	Calgary	51.118822	-114.009933
YYD	CYYD	Smithers Airport	Smithers	54.82469940185547	-127.18299865722656
YYE	CYYE	Fort Nelson Airport	Fort Nelson	58.8363990784	-122.597000122
YYF	CYYF	Penticton Airport	Penticton	49.46310043334961	-119.60199737548828
YYG	CYYG	Charlottetown Airport	Charlottetown	46.288911	-63.125174
YYH	CYYH	Taloyoak Airport	Taloyoak	69.5467	-93.576698
YYJ	CYYJ	Victoria International Airport	Victoria	48.647201	-123.427792
YYL	CYYL	Lynn Lake Airport	Lynn Lake	56.86389923095703	-101.07599639892578
YYQ	CYYQ	Churchill Airport	Churchill	58.739200592041016	-94.06500244140625
YYR	CYYR	Goose Bay Airport	Goose Bay	53.3191986084	-60.4258003235
YYT	CYYT	St. John's International Airport	St. John's	47.618599	-52.7519
YYY	CYYY	Mont Joli Airport	Mont-Joli	48.60860061645508	-68.20809936523438
YYZ	CYYZ	Toronto Pearson International Airport	Toronto	43.675935	-79.629421
YZF	CYZF	Yellowknife International Airport	Yellowknife	62.462799	-114.440002
YZG	CYZG	Salluit Airport	Salluit	62.179401	-75.667198
YZP	CYZP	Sandspit Airport	Sandspit	53.25429916379999	-131.813995361
YZS	CYZS	Coral Harbour Airport	Coral Harbour	64.1932983398	-83.3593978882
YZT	CYZT	Port Hardy Airport	Port Hardy	50.680599212646484	-127.36699676513672
YZU	CYZU	Whitecourt Airport	Whitecourt	54.143902	-115.787003
YZV	CYZV	Sept-Îles Airport	Sept-Îles	50.22330093383789	-66.2656021118164
YZY	ZLZY	Zhangye Ganzhou Airport	Zhangye (Ganzhou)	38.801899	100.675003
YZZ		Trail Regional Airport	Trail	49.055599	-117.609001
ZAD	LDZD	Zadar Airport	Zadar	44.096986	15.353565
ZAG	LDZA	Zagreb Franjo Tuđman International Airport	Velika Gorica	45.742901	16.0688
ZAH	OIZH	Zahedan International Airport	Zahedan	29.4757	60.9062
ZAL	SCVD	Pichoy Airport	Valdivia	-39.6500015259	-73.0860977173
ZAM	RPMZ	Zamboanga International Airport	Zamboanga	6.92242	122.059998
ZAZ	LEZG	Zaragoza Airport	Zaragoza	41.666199	-1.04155
ZBF	CZBF	Bathurst Airport	South Tetagouche	47.6297	-65.738899
ZBR	OIZC	Chabahar Konarak International Airport	Konarak	25.44319	60.382167
ZCL	MMZC	General Leobardo C. Ruiz International Airport	Zacatecas	22.894942	-102.687154
ZCO	SCQP	La Araucanía International Airport	Temuco	-38.9259	-72.6515
ZDY	OMDL	Delma Airport	Delma Island	24.51	52.3352
ZEL	CBBC	Bella Bella (Campbell Island) Airport	Bella Bella	52.185001	-128.156994
ZEM	CZEM	Eastmain River Airport	Eastmain River	52.226398	-78.522499
ZFD	CZFD	Fond-du-Lac Airport	Fond-du-Lac	59.3344	-107.181999
ZFL	ZWZS	Zhaosu Tianma Airport	Zhaosu	43.088477	81.223013
ZFM	CZFM	Fort Mcpherson Airport	Fort Mcpherson	67.406993	-134.860182
ZFN	CZFN	Tulita Airport	Tulita	64.909496	-125.570297
ZGI	CZGI	Gods River Airport	Gods River	54.839699	-94.078598
ZGS		La Romaine Airport	Le Golfe-du-Saint-Laurent	50.259553	-60.674357
ZHA	ZGZJ	Zhanjiang Wuchuan International Airport	Zhanjiang	21.481667	110.590278
ZHY	ZLZW	Zhongwei Shapotou Airport	Zhongwei (Shapotou)	37.573125	105.154454
ZIA	UUBW	Zhukovsky International Airport	Moscow	55.553299	38.150002
ZIG	GOGG	Ziguinchor Airport	Ziguinchor	12.55559	-16.283298
ZIH	MMZH	Ixtapa-Zihuatanejo International Airport	Ixtapa	17.601771	-101.460629
ZIX	UEVV	Zhigansk Airport	Zhigansk	66.7965011597	123.361000061
ZKE	CZKE	Kashechewan Airport	Kashechewan	52.282501	-81.677803
ZKP	UESU	Zyryanka Airport	Zyryanka	65.7485	150.8889
ZLO	MMZO	Playa de Oro International Airport	Manzanillo	19.1448	-104.558998
ZLT		La Tabatière Airport	La Tabatière	50.8307991027832	-58.97560119628906
ZMT	CZMT	Masset Airport	Masset	54.0275	-132.125
ZNA		Nanaimo Harbour Water Aerodrome	Nanaimo	49.169813	-123.933845
ZND	DRZR	Zinder Airport	Zinder	13.779000282287598	8.983759880065918
ZNE	YNWN	Newman Airport	Newman	-23.417800903299998	119.803001404
ZNZ	HTZA	Abeid Amani Karume International Airport	Zanzibar	-6.22202	39.224899
ZOS	SCJO	Cañal Bajo Carlos Hott Siebert Airport	Osorno	-40.611198	-73.060997
ZPB	CZPB	Sachigo Lake Airport	Sachigo Lake	53.890885	-92.195935
ZPC	SCPC	Pucón Airport	Pucon	-39.292801	-71.915901
ZQN	NZQN	Queenstown Airport	Queenstown	-45.019205	168.746379
ZQZ	ZBZJ	Zhangjiakou Ningyuan Airport	Zhangjiakou	40.738664	114.933395
ZRH	LSZH	Zürich Airport	Zurich	47.458056	8.548056
ZRJ	CZRJ	Round Lake (Weagamow Lake) Airport	Round Lake	52.9436	-91.312798
ZSA	MYSM	San Salvador International Airport	San Salvador	24.063041	-74.523233
ZSE	FMEP	Saint-Pierre Pierrefonds Airport	Saint-Pierre	-21.319362	55.422506
ZSJ	CZSJ	Sandy Lake Airport	Sandy Lake	53.06420135498047	-93.34439849853516
ZTB		Tête-à-la-Baleine Airport	Tête-à-la-Baleine	50.674400329589844	-59.38359832763672
ZTH	LGZA	Zakynthos International Airport Dionysios Solomos	Zakynthos	37.7509	20.8843
ZTM	CZTM	Shamattawa Airport	Shamattawa	55.86356	-92.081137
ZUH	ZGSD	Zhuhai Jinwan Airport	Zhuhai (Jinwan)	22.006399	113.375999
ZUM	CZUM	Churchill Falls Airport	Churchill Falls	53.5619010925293	-64.10639953613281
ZWL	CZWL	Wollaston Lake Airport	Wollaston Lake	58.106899	-103.171997
ZYI	ZUZY	Zunyi Xinzhou Airport	Zunyi	27.810723	107.247189
ZYL	VGSY	Osmany International Airport	Sylhet	24.963993	91.864749
